insert into vessel_data (id, imo, name, posx, posy, heading, eta, etd, scale_Status, dock) values (1, '9343467', 'Titanic', 36.149164, -5.438283, 90.1245,  PARSEDATETIME ('18-11-19 02:30','dd-MM-yy HH:mm'), PARSEDATETIME ('18-11-19 09:30','dd-MM-yy HH:mm'), 'Planificada', 'Juan Carlos I Sur')
insert into vessel_data (id, imo, name, posx, posy, heading, eta, etd, scale_Status, dock) values (2, '9546734', 'Costa Concordia', 36.151582, -5.415764, 115.2415, PARSEDATETIME ('18-11-19 07:30','dd-MM-yy HH:mm'), PARSEDATETIME ('18-11-19 17:30','dd-MM-yy HH:mm'), 'En operacion', 'Juan Carlos I Este')
insert into vessel_data (id, imo, name, posx, posy, heading, eta, etd, scale_Status, dock) values (3, '9573326', 'Poseidon', 36.134953, -5.407967, 216.2124, PARSEDATETIME ('18-11-19 16:30','dd-MM-yy HH:mm'), PARSEDATETIME ('18-11-19 23:30','dd-MM-yy HH:mm'), 'Finalizada', 'Juan Carlos I Norte')
insert into vessel_data (id, imo, name, posx, posy, heading, eta, etd, scale_Status, dock) values (4, '9078365', 'Polvoron', 36.144953, -5.412967, 116.2124, PARSEDATETIME ('18-11-19 08:30','dd-MM-yy HH:mm'), PARSEDATETIME ('18-11-19 18:30','dd-MM-yy HH:mm'), 'Planificada', 'Muelle de Ribera')

insert into measure_type_data (id, name) values (1, 'waves')
insert into measure_type_data (id, name) values (2, 'wind')

insert into measure_data (id) values (1)
insert into measure_data (id) values (2)

insert into measure_point (id, value, time, measure_data_id) values (1, 50.0, PARSEDATETIME ('18-11-19 00:00','dd-MM-yy HH:mm'), 1)
insert into measure_point (id, value, time, measure_data_id) values (2, 51.0, PARSEDATETIME ('18-11-19 00:05','dd-MM-yy HH:mm'), 1)
insert into measure_point (id, value, time, measure_data_id) values (3, 52.0, PARSEDATETIME ('18-11-19 00:10','dd-MM-yy HH:mm'), 1)
insert into measure_point (id, value, time, measure_data_id) values (4, 53.0, PARSEDATETIME ('18-11-19 00:15','dd-MM-yy HH:mm'), 1)
insert into measure_point (id, value, time, measure_data_id) values (5, 54.0, PARSEDATETIME ('18-11-19 00:20','dd-MM-yy HH:mm'), 1)
insert into measure_point (id, value, time, measure_data_id) values (6, 54.8, PARSEDATETIME ('18-11-19 00:25','dd-MM-yy HH:mm'), 1)
insert into measure_point (id, value, time, measure_data_id) values (7, 55.8, PARSEDATETIME ('18-11-19 00:30','dd-MM-yy HH:mm'), 1)
insert into measure_point (id, value, time, measure_data_id) values (8, 57.0, PARSEDATETIME ('18-11-19 00:35','dd-MM-yy HH:mm'), 1)
insert into measure_point (id, value, time, measure_data_id) values (9, 57.7, PARSEDATETIME ('18-11-19 00:40','dd-MM-yy HH:mm'), 1)
insert into measure_point (id, value, time, measure_data_id) values (10, 58.7, PARSEDATETIME ('18-11-19 00:45','dd-MM-yy HH:mm'), 1)
insert into measure_point (id, value, time, measure_data_id) values (11, 60.9, PARSEDATETIME ('18-11-19 00:50','dd-MM-yy HH:mm'), 1)
insert into measure_point (id, value, time, measure_data_id) values (12, 63.3, PARSEDATETIME ('18-11-19 00:55','dd-MM-yy HH:mm'), 1)
insert into measure_point (id, value, time, measure_data_id) values (13, 65.2, PARSEDATETIME ('18-11-19 01:00','dd-MM-yy HH:mm'), 1)
insert into measure_point (id, value, time, measure_data_id) values (14, 67.2, PARSEDATETIME ('18-11-19 01:05','dd-MM-yy HH:mm'), 1)
insert into measure_point (id, value, time, measure_data_id) values (15, 69.4, PARSEDATETIME ('18-11-19 01:10','dd-MM-yy HH:mm'), 1)
insert into measure_point (id, value, time, measure_data_id) values (16, 71.6, PARSEDATETIME ('18-11-19 01:15','dd-MM-yy HH:mm'), 1)
insert into measure_point (id, value, time, measure_data_id) values (17, 73.0, PARSEDATETIME ('18-11-19 01:20','dd-MM-yy HH:mm'), 1)
insert into measure_point (id, value, time, measure_data_id) values (18, 74.9, PARSEDATETIME ('18-11-19 01:25','dd-MM-yy HH:mm'), 1)
insert into measure_point (id, value, time, measure_data_id) values (19, 76.9, PARSEDATETIME ('18-11-19 01:30','dd-MM-yy HH:mm'), 1)
insert into measure_point (id, value, time, measure_data_id) values (20, 78.8, PARSEDATETIME ('18-11-19 01:35','dd-MM-yy HH:mm'), 1)
insert into measure_point (id, value, time, measure_data_id) values (21, 81.2, PARSEDATETIME ('18-11-19 01:40','dd-MM-yy HH:mm'), 1)
insert into measure_point (id, value, time, measure_data_id) values (22, 83.2, PARSEDATETIME ('18-11-19 01:45','dd-MM-yy HH:mm'), 1)
insert into measure_point (id, value, time, measure_data_id) values (23, 85.2, PARSEDATETIME ('18-11-19 01:50','dd-MM-yy HH:mm'), 1)
insert into measure_point (id, value, time, measure_data_id) values (24, 87.7, PARSEDATETIME ('18-11-19 01:55','dd-MM-yy HH:mm'), 1)
insert into measure_point (id, value, time, measure_data_id) values (25, 89.1, PARSEDATETIME ('18-11-19 02:00','dd-MM-yy HH:mm'), 1)
insert into measure_point (id, value, time, measure_data_id) values (26, 90.4, PARSEDATETIME ('18-11-19 02:05','dd-MM-yy HH:mm'), 1)
insert into measure_point (id, value, time, measure_data_id) values (27, 92.1, PARSEDATETIME ('18-11-19 02:10','dd-MM-yy HH:mm'), 1)
insert into measure_point (id, value, time, measure_data_id) values (28, 93.7, PARSEDATETIME ('18-11-19 02:15','dd-MM-yy HH:mm'), 1)
insert into measure_point (id, value, time, measure_data_id) values (29, 96.1, PARSEDATETIME ('18-11-19 02:20','dd-MM-yy HH:mm'), 1)
insert into measure_point (id, value, time, measure_data_id) values (30, 98.2, PARSEDATETIME ('18-11-19 02:25','dd-MM-yy HH:mm'), 1)
insert into measure_point (id, value, time, measure_data_id) values (31, 100.8, PARSEDATETIME ('18-11-19 02:30','dd-MM-yy HH:mm'), 1)
insert into measure_point (id, value, time, measure_data_id) values (32, 102.1, PARSEDATETIME ('18-11-19 02:35','dd-MM-yy HH:mm'), 1)
insert into measure_point (id, value, time, measure_data_id) values (33, 104.0, PARSEDATETIME ('18-11-19 02:40','dd-MM-yy HH:mm'), 1)
insert into measure_point (id, value, time, measure_data_id) values (34, 106.6, PARSEDATETIME ('18-11-19 02:45','dd-MM-yy HH:mm'), 1)
insert into measure_point (id, value, time, measure_data_id) values (35, 108.6, PARSEDATETIME ('18-11-19 02:50','dd-MM-yy HH:mm'), 1)
insert into measure_point (id, value, time, measure_data_id) values (36, 110.6, PARSEDATETIME ('18-11-19 02:55','dd-MM-yy HH:mm'), 1)
insert into measure_point (id, value, time, measure_data_id) values (37, 112.4, PARSEDATETIME ('18-11-19 03:00','dd-MM-yy HH:mm'), 1)
insert into measure_point (id, value, time, measure_data_id) values (38, 114.4, PARSEDATETIME ('18-11-19 03:05','dd-MM-yy HH:mm'), 1)
insert into measure_point (id, value, time, measure_data_id) values (39, 116.3, PARSEDATETIME ('18-11-19 03:10','dd-MM-yy HH:mm'), 1)
insert into measure_point (id, value, time, measure_data_id) values (40, 118.3, PARSEDATETIME ('18-11-19 03:15','dd-MM-yy HH:mm'), 1)
insert into measure_point (id, value, time, measure_data_id) values (41, 120.5, PARSEDATETIME ('18-11-19 03:20','dd-MM-yy HH:mm'), 1)
insert into measure_point (id, value, time, measure_data_id) values (42, 122.5, PARSEDATETIME ('18-11-19 03:25','dd-MM-yy HH:mm'), 1)
insert into measure_point (id, value, time, measure_data_id) values (43, 124.1, PARSEDATETIME ('18-11-19 03:30','dd-MM-yy HH:mm'), 1)
insert into measure_point (id, value, time, measure_data_id) values (44, 126.2, PARSEDATETIME ('18-11-19 03:35','dd-MM-yy HH:mm'), 1)
insert into measure_point (id, value, time, measure_data_id) values (45, 128.1, PARSEDATETIME ('18-11-19 03:40','dd-MM-yy HH:mm'), 1)
insert into measure_point (id, value, time, measure_data_id) values (46, 130.4, PARSEDATETIME ('18-11-19 03:45','dd-MM-yy HH:mm'), 1)
insert into measure_point (id, value, time, measure_data_id) values (47, 132.6, PARSEDATETIME ('18-11-19 03:50','dd-MM-yy HH:mm'), 1)
insert into measure_point (id, value, time, measure_data_id) values (48, 134.1, PARSEDATETIME ('18-11-19 03:55','dd-MM-yy HH:mm'), 1)
insert into measure_point (id, value, time, measure_data_id) values (49, 135.8, PARSEDATETIME ('18-11-19 04:00','dd-MM-yy HH:mm'), 1)
insert into measure_point (id, value, time, measure_data_id) values (50, 137.8, PARSEDATETIME ('18-11-19 04:05','dd-MM-yy HH:mm'), 1)
insert into measure_point (id, value, time, measure_data_id) values (51, 139.3, PARSEDATETIME ('18-11-19 04:10','dd-MM-yy HH:mm'), 1)
insert into measure_point (id, value, time, measure_data_id) values (52, 141.5, PARSEDATETIME ('18-11-19 04:15','dd-MM-yy HH:mm'), 1)
insert into measure_point (id, value, time, measure_data_id) values (53, 143.2, PARSEDATETIME ('18-11-19 04:20','dd-MM-yy HH:mm'), 1)
insert into measure_point (id, value, time, measure_data_id) values (54, 144.9, PARSEDATETIME ('18-11-19 04:25','dd-MM-yy HH:mm'), 1)
insert into measure_point (id, value, time, measure_data_id) values (55, 146.7, PARSEDATETIME ('18-11-19 04:30','dd-MM-yy HH:mm'), 1)
insert into measure_point (id, value, time, measure_data_id) values (56, 148.7, PARSEDATETIME ('18-11-19 04:35','dd-MM-yy HH:mm'), 1)
insert into measure_point (id, value, time, measure_data_id) values (57, 150.8, PARSEDATETIME ('18-11-19 04:40','dd-MM-yy HH:mm'), 1)
insert into measure_point (id, value, time, measure_data_id) values (58, 152.3, PARSEDATETIME ('18-11-19 04:45','dd-MM-yy HH:mm'), 1)
insert into measure_point (id, value, time, measure_data_id) values (59, 154.1, PARSEDATETIME ('18-11-19 04:50','dd-MM-yy HH:mm'), 1)
insert into measure_point (id, value, time, measure_data_id) values (60, 155.2, PARSEDATETIME ('18-11-19 04:55','dd-MM-yy HH:mm'), 1)
insert into measure_point (id, value, time, measure_data_id) values (61, 157.3, PARSEDATETIME ('18-11-19 05:00','dd-MM-yy HH:mm'), 1)
insert into measure_point (id, value, time, measure_data_id) values (62, 159.5, PARSEDATETIME ('18-11-19 05:05','dd-MM-yy HH:mm'), 1)
insert into measure_point (id, value, time, measure_data_id) values (63, 161.4, PARSEDATETIME ('18-11-19 05:10','dd-MM-yy HH:mm'), 1)
insert into measure_point (id, value, time, measure_data_id) values (64, 163.4, PARSEDATETIME ('18-11-19 05:15','dd-MM-yy HH:mm'), 1)
insert into measure_point (id, value, time, measure_data_id) values (65, 165.8, PARSEDATETIME ('18-11-19 05:20','dd-MM-yy HH:mm'), 1)
insert into measure_point (id, value, time, measure_data_id) values (66, 168.0, PARSEDATETIME ('18-11-19 05:25','dd-MM-yy HH:mm'), 1)
insert into measure_point (id, value, time, measure_data_id) values (67, 169.6, PARSEDATETIME ('18-11-19 05:30','dd-MM-yy HH:mm'), 1)
insert into measure_point (id, value, time, measure_data_id) values (68, 171.4, PARSEDATETIME ('18-11-19 05:35','dd-MM-yy HH:mm'), 1)
insert into measure_point (id, value, time, measure_data_id) values (69, 173.4, PARSEDATETIME ('18-11-19 05:40','dd-MM-yy HH:mm'), 1)
insert into measure_point (id, value, time, measure_data_id) values (70, 175.7, PARSEDATETIME ('18-11-19 05:45','dd-MM-yy HH:mm'), 1)
insert into measure_point (id, value, time, measure_data_id) values (71, 177.7, PARSEDATETIME ('18-11-19 05:50','dd-MM-yy HH:mm'), 1)
insert into measure_point (id, value, time, measure_data_id) values (72, 179.8, PARSEDATETIME ('18-11-19 05:55','dd-MM-yy HH:mm'), 1)
insert into measure_point (id, value, time, measure_data_id) values (73, 181.8, PARSEDATETIME ('18-11-19 06:00','dd-MM-yy HH:mm'), 1)
insert into measure_point (id, value, time, measure_data_id) values (74, 183.4, PARSEDATETIME ('18-11-19 06:05','dd-MM-yy HH:mm'), 1)
insert into measure_point (id, value, time, measure_data_id) values (75, 185.6, PARSEDATETIME ('18-11-19 06:10','dd-MM-yy HH:mm'), 1)
insert into measure_point (id, value, time, measure_data_id) values (76, 187.6, PARSEDATETIME ('18-11-19 06:15','dd-MM-yy HH:mm'), 1)
insert into measure_point (id, value, time, measure_data_id) values (77, 190.1, PARSEDATETIME ('18-11-19 06:20','dd-MM-yy HH:mm'), 1)
insert into measure_point (id, value, time, measure_data_id) values (78, 191.8, PARSEDATETIME ('18-11-19 06:25','dd-MM-yy HH:mm'), 1)
insert into measure_point (id, value, time, measure_data_id) values (79, 193.8, PARSEDATETIME ('18-11-19 06:30','dd-MM-yy HH:mm'), 1)
insert into measure_point (id, value, time, measure_data_id) values (80, 196.1, PARSEDATETIME ('18-11-19 06:35','dd-MM-yy HH:mm'), 1)
insert into measure_point (id, value, time, measure_data_id) values (81, 198.1, PARSEDATETIME ('18-11-19 06:40','dd-MM-yy HH:mm'), 1)
insert into measure_point (id, value, time, measure_data_id) values (82, 200.0, PARSEDATETIME ('18-11-19 06:45','dd-MM-yy HH:mm'), 1)
insert into measure_point (id, value, time, measure_data_id) values (83, 201.9, PARSEDATETIME ('18-11-19 06:50','dd-MM-yy HH:mm'), 1)
insert into measure_point (id, value, time, measure_data_id) values (84, 204.1, PARSEDATETIME ('18-11-19 06:55','dd-MM-yy HH:mm'), 1)
insert into measure_point (id, value, time, measure_data_id) values (85, 207.1, PARSEDATETIME ('18-11-19 07:00','dd-MM-yy HH:mm'), 1)
insert into measure_point (id, value, time, measure_data_id) values (86, 209.3, PARSEDATETIME ('18-11-19 07:05','dd-MM-yy HH:mm'), 1)
insert into measure_point (id, value, time, measure_data_id) values (87, 212.3, PARSEDATETIME ('18-11-19 07:10','dd-MM-yy HH:mm'), 1)
insert into measure_point (id, value, time, measure_data_id) values (88, 215.4, PARSEDATETIME ('18-11-19 07:15','dd-MM-yy HH:mm'), 1)
insert into measure_point (id, value, time, measure_data_id) values (89, 218.5, PARSEDATETIME ('18-11-19 07:20','dd-MM-yy HH:mm'), 1)
insert into measure_point (id, value, time, measure_data_id) values (90, 221.2, PARSEDATETIME ('18-11-19 07:25','dd-MM-yy HH:mm'), 1)
insert into measure_point (id, value, time, measure_data_id) values (91, 225.1, PARSEDATETIME ('18-11-19 07:30','dd-MM-yy HH:mm'), 1)
insert into measure_point (id, value, time, measure_data_id) values (92, 228.8, PARSEDATETIME ('18-11-19 07:35','dd-MM-yy HH:mm'), 1)
insert into measure_point (id, value, time, measure_data_id) values (93, 232.9, PARSEDATETIME ('18-11-19 07:40','dd-MM-yy HH:mm'), 1)
insert into measure_point (id, value, time, measure_data_id) values (94, 235.1, PARSEDATETIME ('18-11-19 07:45','dd-MM-yy HH:mm'), 1)
insert into measure_point (id, value, time, measure_data_id) values (95, 238.1, PARSEDATETIME ('18-11-19 07:50','dd-MM-yy HH:mm'), 1)
insert into measure_point (id, value, time, measure_data_id) values (96, 241.7, PARSEDATETIME ('18-11-19 07:55','dd-MM-yy HH:mm'), 1)
insert into measure_point (id, value, time, measure_data_id) values (97, 244.7, PARSEDATETIME ('18-11-19 08:00','dd-MM-yy HH:mm'), 1)
insert into measure_point (id, value, time, measure_data_id) values (98, 247.9, PARSEDATETIME ('18-11-19 08:05','dd-MM-yy HH:mm'), 1)
insert into measure_point (id, value, time, measure_data_id) values (99, 251.3, PARSEDATETIME ('18-11-19 08:10','dd-MM-yy HH:mm'), 1)
insert into measure_point (id, value, time, measure_data_id) values (100, 252.9, PARSEDATETIME ('18-11-19 08:15','dd-MM-yy HH:mm'), 1)
insert into measure_point (id, value, time, measure_data_id) values (101, 255.5, PARSEDATETIME ('18-11-19 08:20','dd-MM-yy HH:mm'), 1)
insert into measure_point (id, value, time, measure_data_id) values (102, 258.6, PARSEDATETIME ('18-11-19 08:25','dd-MM-yy HH:mm'), 1)
insert into measure_point (id, value, time, measure_data_id) values (103, 261.2, PARSEDATETIME ('18-11-19 08:30','dd-MM-yy HH:mm'), 1)
insert into measure_point (id, value, time, measure_data_id) values (104, 263.3, PARSEDATETIME ('18-11-19 08:35','dd-MM-yy HH:mm'), 1)
insert into measure_point (id, value, time, measure_data_id) values (105, 265.8, PARSEDATETIME ('18-11-19 08:40','dd-MM-yy HH:mm'), 1)
insert into measure_point (id, value, time, measure_data_id) values (106, 267.5, PARSEDATETIME ('18-11-19 08:45','dd-MM-yy HH:mm'), 1)
insert into measure_point (id, value, time, measure_data_id) values (107, 269.5, PARSEDATETIME ('18-11-19 08:50','dd-MM-yy HH:mm'), 1)
insert into measure_point (id, value, time, measure_data_id) values (108, 272.1, PARSEDATETIME ('18-11-19 08:55','dd-MM-yy HH:mm'), 1)
insert into measure_point (id, value, time, measure_data_id) values (109, 273.7, PARSEDATETIME ('18-11-19 09:00','dd-MM-yy HH:mm'), 1)
insert into measure_point (id, value, time, measure_data_id) values (110, 275.9, PARSEDATETIME ('18-11-19 09:05','dd-MM-yy HH:mm'), 1)
insert into measure_point (id, value, time, measure_data_id) values (111, 276.9, PARSEDATETIME ('18-11-19 09:10','dd-MM-yy HH:mm'), 1)
insert into measure_point (id, value, time, measure_data_id) values (112, 277.7, PARSEDATETIME ('18-11-19 09:15','dd-MM-yy HH:mm'), 1)
insert into measure_point (id, value, time, measure_data_id) values (113, 278.5, PARSEDATETIME ('18-11-19 09:20','dd-MM-yy HH:mm'), 1)
insert into measure_point (id, value, time, measure_data_id) values (114, 279.6, PARSEDATETIME ('18-11-19 09:25','dd-MM-yy HH:mm'), 1)
insert into measure_point (id, value, time, measure_data_id) values (115, 280.5, PARSEDATETIME ('18-11-19 09:30','dd-MM-yy HH:mm'), 1)
insert into measure_point (id, value, time, measure_data_id) values (116, 281.5, PARSEDATETIME ('18-11-19 09:35','dd-MM-yy HH:mm'), 1)
insert into measure_point (id, value, time, measure_data_id) values (117, 282.4, PARSEDATETIME ('18-11-19 09:40','dd-MM-yy HH:mm'), 1)
insert into measure_point (id, value, time, measure_data_id) values (118, 283.4, PARSEDATETIME ('18-11-19 09:45','dd-MM-yy HH:mm'), 1)
insert into measure_point (id, value, time, measure_data_id) values (119, 284.3, PARSEDATETIME ('18-11-19 09:50','dd-MM-yy HH:mm'), 1)
insert into measure_point (id, value, time, measure_data_id) values (120, 285.6, PARSEDATETIME ('18-11-19 09:55','dd-MM-yy HH:mm'), 1)
insert into measure_point (id, value, time, measure_data_id) values (121, 285.6, PARSEDATETIME ('18-11-19 10:00','dd-MM-yy HH:mm'), 1)
insert into measure_point (id, value, time, measure_data_id) values (122, 285.6, PARSEDATETIME ('18-11-19 10:05','dd-MM-yy HH:mm'), 1)
insert into measure_point (id, value, time, measure_data_id) values (123, 285.6, PARSEDATETIME ('18-11-19 10:10','dd-MM-yy HH:mm'), 1)
insert into measure_point (id, value, time, measure_data_id) values (124, 285.6, PARSEDATETIME ('18-11-19 10:15','dd-MM-yy HH:mm'), 1)
insert into measure_point (id, value, time, measure_data_id) values (125, 285.6, PARSEDATETIME ('18-11-19 10:20','dd-MM-yy HH:mm'), 1)
insert into measure_point (id, value, time, measure_data_id) values (126, 284.6, PARSEDATETIME ('18-11-19 10:25','dd-MM-yy HH:mm'), 1)
insert into measure_point (id, value, time, measure_data_id) values (127, 283.6, PARSEDATETIME ('18-11-19 10:30','dd-MM-yy HH:mm'), 1)
insert into measure_point (id, value, time, measure_data_id) values (128, 282.2, PARSEDATETIME ('18-11-19 10:35','dd-MM-yy HH:mm'), 1)
insert into measure_point (id, value, time, measure_data_id) values (129, 281.4, PARSEDATETIME ('18-11-19 10:40','dd-MM-yy HH:mm'), 1)
insert into measure_point (id, value, time, measure_data_id) values (130, 280.4, PARSEDATETIME ('18-11-19 10:45','dd-MM-yy HH:mm'), 1)
insert into measure_point (id, value, time, measure_data_id) values (131, 279.3, PARSEDATETIME ('18-11-19 10:50','dd-MM-yy HH:mm'), 1)
insert into measure_point (id, value, time, measure_data_id) values (132, 278.3, PARSEDATETIME ('18-11-19 10:55','dd-MM-yy HH:mm'), 1)
insert into measure_point (id, value, time, measure_data_id) values (133, 277.2, PARSEDATETIME ('18-11-19 11:00','dd-MM-yy HH:mm'), 1)
insert into measure_point (id, value, time, measure_data_id) values (134, 276.3, PARSEDATETIME ('18-11-19 11:05','dd-MM-yy HH:mm'), 1)
insert into measure_point (id, value, time, measure_data_id) values (135, 275.4, PARSEDATETIME ('18-11-19 11:10','dd-MM-yy HH:mm'), 1)
insert into measure_point (id, value, time, measure_data_id) values (136, 274.5, PARSEDATETIME ('18-11-19 11:15','dd-MM-yy HH:mm'), 1)
insert into measure_point (id, value, time, measure_data_id) values (137, 273.6, PARSEDATETIME ('18-11-19 11:20','dd-MM-yy HH:mm'), 1)
insert into measure_point (id, value, time, measure_data_id) values (138, 272.5, PARSEDATETIME ('18-11-19 11:25','dd-MM-yy HH:mm'), 1)
insert into measure_point (id, value, time, measure_data_id) values (139, 270.6, PARSEDATETIME ('18-11-19 11:30','dd-MM-yy HH:mm'), 1)
insert into measure_point (id, value, time, measure_data_id) values (140, 268.5, PARSEDATETIME ('18-11-19 11:35','dd-MM-yy HH:mm'), 1)
insert into measure_point (id, value, time, measure_data_id) values (141, 266.5, PARSEDATETIME ('18-11-19 11:40','dd-MM-yy HH:mm'), 1)
insert into measure_point (id, value, time, measure_data_id) values (142, 264.9, PARSEDATETIME ('18-11-19 11:45','dd-MM-yy HH:mm'), 1)
insert into measure_point (id, value, time, measure_data_id) values (143, 262.6, PARSEDATETIME ('18-11-19 11:50','dd-MM-yy HH:mm'), 1)
insert into measure_point (id, value, time, measure_data_id) values (144, 260.8, PARSEDATETIME ('18-11-19 11:55','dd-MM-yy HH:mm'), 1)
insert into measure_point (id, value, time, measure_data_id) values (145, 259.0, PARSEDATETIME ('18-11-19 12:00','dd-MM-yy HH:mm'), 1)
insert into measure_point (id, value, time, measure_data_id) values (146, 256.9, PARSEDATETIME ('18-11-19 12:05','dd-MM-yy HH:mm'), 1)
insert into measure_point (id, value, time, measure_data_id) values (147, 254.6, PARSEDATETIME ('18-11-19 12:10','dd-MM-yy HH:mm'), 1)
insert into measure_point (id, value, time, measure_data_id) values (148, 252.6, PARSEDATETIME ('18-11-19 12:15','dd-MM-yy HH:mm'), 1)
insert into measure_point (id, value, time, measure_data_id) values (149, 250.7, PARSEDATETIME ('18-11-19 12:20','dd-MM-yy HH:mm'), 1)
insert into measure_point (id, value, time, measure_data_id) values (150, 248.7, PARSEDATETIME ('18-11-19 12:25','dd-MM-yy HH:mm'), 1)
insert into measure_point (id, value, time, measure_data_id) values (151, 247.4, PARSEDATETIME ('18-11-19 12:30','dd-MM-yy HH:mm'), 1)
insert into measure_point (id, value, time, measure_data_id) values (152, 245.2, PARSEDATETIME ('18-11-19 12:35','dd-MM-yy HH:mm'), 1)
insert into measure_point (id, value, time, measure_data_id) values (153, 243.7, PARSEDATETIME ('18-11-19 12:40','dd-MM-yy HH:mm'), 1)
insert into measure_point (id, value, time, measure_data_id) values (154, 241.6, PARSEDATETIME ('18-11-19 12:45','dd-MM-yy HH:mm'), 1)
insert into measure_point (id, value, time, measure_data_id) values (155, 239.5, PARSEDATETIME ('18-11-19 12:50','dd-MM-yy HH:mm'), 1)
insert into measure_point (id, value, time, measure_data_id) values (156, 237.3, PARSEDATETIME ('18-11-19 12:55','dd-MM-yy HH:mm'), 1)
insert into measure_point (id, value, time, measure_data_id) values (157, 236.5, PARSEDATETIME ('18-11-19 13:00','dd-MM-yy HH:mm'), 1)
insert into measure_point (id, value, time, measure_data_id) values (158, 235.5, PARSEDATETIME ('18-11-19 13:05','dd-MM-yy HH:mm'), 1)
insert into measure_point (id, value, time, measure_data_id) values (159, 234.6, PARSEDATETIME ('18-11-19 13:10','dd-MM-yy HH:mm'), 1)
insert into measure_point (id, value, time, measure_data_id) values (160, 233.5, PARSEDATETIME ('18-11-19 13:15','dd-MM-yy HH:mm'), 1)
insert into measure_point (id, value, time, measure_data_id) values (161, 232.4, PARSEDATETIME ('18-11-19 13:20','dd-MM-yy HH:mm'), 1)
insert into measure_point (id, value, time, measure_data_id) values (162, 231.3, PARSEDATETIME ('18-11-19 13:25','dd-MM-yy HH:mm'), 1)
insert into measure_point (id, value, time, measure_data_id) values (163, 230.2, PARSEDATETIME ('18-11-19 13:30','dd-MM-yy HH:mm'), 1)
insert into measure_point (id, value, time, measure_data_id) values (164, 228.9, PARSEDATETIME ('18-11-19 13:35','dd-MM-yy HH:mm'), 1)
insert into measure_point (id, value, time, measure_data_id) values (165, 227.9, PARSEDATETIME ('18-11-19 13:40','dd-MM-yy HH:mm'), 1)
insert into measure_point (id, value, time, measure_data_id) values (166, 227.9, PARSEDATETIME ('18-11-19 13:45','dd-MM-yy HH:mm'), 1)
insert into measure_point (id, value, time, measure_data_id) values (167, 227.9, PARSEDATETIME ('18-11-19 13:50','dd-MM-yy HH:mm'), 1)
insert into measure_point (id, value, time, measure_data_id) values (168, 227.9, PARSEDATETIME ('18-11-19 13:55','dd-MM-yy HH:mm'), 1)
insert into measure_point (id, value, time, measure_data_id) values (169, 227.9, PARSEDATETIME ('18-11-19 14:00','dd-MM-yy HH:mm'), 1)
insert into measure_point (id, value, time, measure_data_id) values (170, 227.9, PARSEDATETIME ('18-11-19 14:05','dd-MM-yy HH:mm'), 1)
insert into measure_point (id, value, time, measure_data_id) values (171, 227.9, PARSEDATETIME ('18-11-19 14:10','dd-MM-yy HH:mm'), 1)
insert into measure_point (id, value, time, measure_data_id) values (172, 227.9, PARSEDATETIME ('18-11-19 14:15','dd-MM-yy HH:mm'), 1)
insert into measure_point (id, value, time, measure_data_id) values (173, 227.9, PARSEDATETIME ('18-11-19 14:20','dd-MM-yy HH:mm'), 1)
insert into measure_point (id, value, time, measure_data_id) values (174, 227.9, PARSEDATETIME ('18-11-19 14:25','dd-MM-yy HH:mm'), 1)
insert into measure_point (id, value, time, measure_data_id) values (175, 227.9, PARSEDATETIME ('18-11-19 14:30','dd-MM-yy HH:mm'), 1)
insert into measure_point (id, value, time, measure_data_id) values (176, 228.9, PARSEDATETIME ('18-11-19 14:35','dd-MM-yy HH:mm'), 1)
insert into measure_point (id, value, time, measure_data_id) values (177, 230.1, PARSEDATETIME ('18-11-19 14:40','dd-MM-yy HH:mm'), 1)
insert into measure_point (id, value, time, measure_data_id) values (178, 231.2, PARSEDATETIME ('18-11-19 14:45','dd-MM-yy HH:mm'), 1)
insert into measure_point (id, value, time, measure_data_id) values (179, 232.3, PARSEDATETIME ('18-11-19 14:50','dd-MM-yy HH:mm'), 1)
insert into measure_point (id, value, time, measure_data_id) values (180, 233.5, PARSEDATETIME ('18-11-19 14:55','dd-MM-yy HH:mm'), 1)
insert into measure_point (id, value, time, measure_data_id) values (181, 234.7, PARSEDATETIME ('18-11-19 15:00','dd-MM-yy HH:mm'), 1)
insert into measure_point (id, value, time, measure_data_id) values (182, 235.6, PARSEDATETIME ('18-11-19 15:05','dd-MM-yy HH:mm'), 1)
insert into measure_point (id, value, time, measure_data_id) values (183, 236.5, PARSEDATETIME ('18-11-19 15:10','dd-MM-yy HH:mm'), 1)
insert into measure_point (id, value, time, measure_data_id) values (184, 237.6, PARSEDATETIME ('18-11-19 15:15','dd-MM-yy HH:mm'), 1)
insert into measure_point (id, value, time, measure_data_id) values (185, 239.0, PARSEDATETIME ('18-11-19 15:20','dd-MM-yy HH:mm'), 1)
insert into measure_point (id, value, time, measure_data_id) values (186, 240.1, PARSEDATETIME ('18-11-19 15:25','dd-MM-yy HH:mm'), 1)
insert into measure_point (id, value, time, measure_data_id) values (187, 240.7, PARSEDATETIME ('18-11-19 15:30','dd-MM-yy HH:mm'), 1)
insert into measure_point (id, value, time, measure_data_id) values (188, 241.9, PARSEDATETIME ('18-11-19 15:35','dd-MM-yy HH:mm'), 1)
insert into measure_point (id, value, time, measure_data_id) values (189, 243.0, PARSEDATETIME ('18-11-19 15:40','dd-MM-yy HH:mm'), 1)
insert into measure_point (id, value, time, measure_data_id) values (190, 243.0, PARSEDATETIME ('18-11-19 15:45','dd-MM-yy HH:mm'), 1)
insert into measure_point (id, value, time, measure_data_id) values (191, 243.0, PARSEDATETIME ('18-11-19 15:50','dd-MM-yy HH:mm'), 1)
insert into measure_point (id, value, time, measure_data_id) values (192, 243.0, PARSEDATETIME ('18-11-19 15:55','dd-MM-yy HH:mm'), 1)
insert into measure_point (id, value, time, measure_data_id) values (193, 243.0, PARSEDATETIME ('18-11-19 16:00','dd-MM-yy HH:mm'), 1)
insert into measure_point (id, value, time, measure_data_id) values (194, 243.0, PARSEDATETIME ('18-11-19 16:05','dd-MM-yy HH:mm'), 1)
insert into measure_point (id, value, time, measure_data_id) values (195, 243.0, PARSEDATETIME ('18-11-19 16:10','dd-MM-yy HH:mm'), 1)
insert into measure_point (id, value, time, measure_data_id) values (196, 243.0, PARSEDATETIME ('18-11-19 16:15','dd-MM-yy HH:mm'), 1)
insert into measure_point (id, value, time, measure_data_id) values (197, 243.0, PARSEDATETIME ('18-11-19 16:20','dd-MM-yy HH:mm'), 1)
insert into measure_point (id, value, time, measure_data_id) values (198, 243.0, PARSEDATETIME ('18-11-19 16:25','dd-MM-yy HH:mm'), 1)
insert into measure_point (id, value, time, measure_data_id) values (199, 243.0, PARSEDATETIME ('18-11-19 16:30','dd-MM-yy HH:mm'), 1)
insert into measure_point (id, value, time, measure_data_id) values (200, 243.0, PARSEDATETIME ('18-11-19 16:35','dd-MM-yy HH:mm'), 1)
insert into measure_point (id, value, time, measure_data_id) values (201, 243.0, PARSEDATETIME ('18-11-19 16:40','dd-MM-yy HH:mm'), 1)
insert into measure_point (id, value, time, measure_data_id) values (202, 242.0, PARSEDATETIME ('18-11-19 16:45','dd-MM-yy HH:mm'), 1)
insert into measure_point (id, value, time, measure_data_id) values (203, 240.9, PARSEDATETIME ('18-11-19 16:50','dd-MM-yy HH:mm'), 1)
insert into measure_point (id, value, time, measure_data_id) values (204, 240.1, PARSEDATETIME ('18-11-19 16:55','dd-MM-yy HH:mm'), 1)
insert into measure_point (id, value, time, measure_data_id) values (205, 238.9, PARSEDATETIME ('18-11-19 17:00','dd-MM-yy HH:mm'), 1)
insert into measure_point (id, value, time, measure_data_id) values (206, 237.9, PARSEDATETIME ('18-11-19 17:05','dd-MM-yy HH:mm'), 1)
insert into measure_point (id, value, time, measure_data_id) values (207, 236.9, PARSEDATETIME ('18-11-19 17:10','dd-MM-yy HH:mm'), 1)
insert into measure_point (id, value, time, measure_data_id) values (208, 236.0, PARSEDATETIME ('18-11-19 17:15','dd-MM-yy HH:mm'), 1)
insert into measure_point (id, value, time, measure_data_id) values (209, 235.3, PARSEDATETIME ('18-11-19 17:20','dd-MM-yy HH:mm'), 1)
insert into measure_point (id, value, time, measure_data_id) values (210, 234.5, PARSEDATETIME ('18-11-19 17:25','dd-MM-yy HH:mm'), 1)
insert into measure_point (id, value, time, measure_data_id) values (211, 233.4, PARSEDATETIME ('18-11-19 17:30','dd-MM-yy HH:mm'), 1)
insert into measure_point (id, value, time, measure_data_id) values (212, 232.5, PARSEDATETIME ('18-11-19 17:35','dd-MM-yy HH:mm'), 1)
insert into measure_point (id, value, time, measure_data_id) values (213, 230.5, PARSEDATETIME ('18-11-19 17:40','dd-MM-yy HH:mm'), 1)
insert into measure_point (id, value, time, measure_data_id) values (214, 228.5, PARSEDATETIME ('18-11-19 17:45','dd-MM-yy HH:mm'), 1)
insert into measure_point (id, value, time, measure_data_id) values (215, 226.9, PARSEDATETIME ('18-11-19 17:50','dd-MM-yy HH:mm'), 1)
insert into measure_point (id, value, time, measure_data_id) values (216, 224.5, PARSEDATETIME ('18-11-19 17:55','dd-MM-yy HH:mm'), 1)
insert into measure_point (id, value, time, measure_data_id) values (217, 223.0, PARSEDATETIME ('18-11-19 18:00','dd-MM-yy HH:mm'), 1)
insert into measure_point (id, value, time, measure_data_id) values (218, 221.0, PARSEDATETIME ('18-11-19 18:05','dd-MM-yy HH:mm'), 1)
insert into measure_point (id, value, time, measure_data_id) values (219, 218.9, PARSEDATETIME ('18-11-19 18:10','dd-MM-yy HH:mm'), 1)
insert into measure_point (id, value, time, measure_data_id) values (220, 217.2, PARSEDATETIME ('18-11-19 18:15','dd-MM-yy HH:mm'), 1)
insert into measure_point (id, value, time, measure_data_id) values (221, 215.0, PARSEDATETIME ('18-11-19 18:20','dd-MM-yy HH:mm'), 1)
insert into measure_point (id, value, time, measure_data_id) values (222, 213.1, PARSEDATETIME ('18-11-19 18:25','dd-MM-yy HH:mm'), 1)
insert into measure_point (id, value, time, measure_data_id) values (223, 211.1, PARSEDATETIME ('18-11-19 18:30','dd-MM-yy HH:mm'), 1)
insert into measure_point (id, value, time, measure_data_id) values (224, 208.5, PARSEDATETIME ('18-11-19 18:35','dd-MM-yy HH:mm'), 1)
insert into measure_point (id, value, time, measure_data_id) values (225, 206.5, PARSEDATETIME ('18-11-19 18:40','dd-MM-yy HH:mm'), 1)
insert into measure_point (id, value, time, measure_data_id) values (226, 204.6, PARSEDATETIME ('18-11-19 18:45','dd-MM-yy HH:mm'), 1)
insert into measure_point (id, value, time, measure_data_id) values (227, 203.1, PARSEDATETIME ('18-11-19 18:50','dd-MM-yy HH:mm'), 1)
insert into measure_point (id, value, time, measure_data_id) values (228, 201.1, PARSEDATETIME ('18-11-19 18:55','dd-MM-yy HH:mm'), 1)
insert into measure_point (id, value, time, measure_data_id) values (229, 198.8, PARSEDATETIME ('18-11-19 19:00','dd-MM-yy HH:mm'), 1)
insert into measure_point (id, value, time, measure_data_id) values (230, 196.6, PARSEDATETIME ('18-11-19 19:05','dd-MM-yy HH:mm'), 1)
insert into measure_point (id, value, time, measure_data_id) values (231, 195.4, PARSEDATETIME ('18-11-19 19:10','dd-MM-yy HH:mm'), 1)
insert into measure_point (id, value, time, measure_data_id) values (232, 194.5, PARSEDATETIME ('18-11-19 19:15','dd-MM-yy HH:mm'), 1)
insert into measure_point (id, value, time, measure_data_id) values (233, 193.4, PARSEDATETIME ('18-11-19 19:20','dd-MM-yy HH:mm'), 1)
insert into measure_point (id, value, time, measure_data_id) values (234, 192.6, PARSEDATETIME ('18-11-19 19:25','dd-MM-yy HH:mm'), 1)
insert into measure_point (id, value, time, measure_data_id) values (235, 191.4, PARSEDATETIME ('18-11-19 19:30','dd-MM-yy HH:mm'), 1)
insert into measure_point (id, value, time, measure_data_id) values (236, 190.4, PARSEDATETIME ('18-11-19 19:35','dd-MM-yy HH:mm'), 1)
insert into measure_point (id, value, time, measure_data_id) values (237, 189.4, PARSEDATETIME ('18-11-19 19:40','dd-MM-yy HH:mm'), 1)
insert into measure_point (id, value, time, measure_data_id) values (238, 188.3, PARSEDATETIME ('18-11-19 19:45','dd-MM-yy HH:mm'), 1)
insert into measure_point (id, value, time, measure_data_id) values (239, 187.4, PARSEDATETIME ('18-11-19 19:50','dd-MM-yy HH:mm'), 1)
insert into measure_point (id, value, time, measure_data_id) values (240, 186.8, PARSEDATETIME ('18-11-19 19:55','dd-MM-yy HH:mm'), 1)
insert into measure_point (id, value, time, measure_data_id) values (241, 185.8, PARSEDATETIME ('18-11-19 20:00','dd-MM-yy HH:mm'), 1)
insert into measure_point (id, value, time, measure_data_id) values (242, 184.8, PARSEDATETIME ('18-11-19 20:05','dd-MM-yy HH:mm'), 1)
insert into measure_point (id, value, time, measure_data_id) values (243, 183.8, PARSEDATETIME ('18-11-19 20:10','dd-MM-yy HH:mm'), 1)
insert into measure_point (id, value, time, measure_data_id) values (244, 183.0, PARSEDATETIME ('18-11-19 20:15','dd-MM-yy HH:mm'), 1)
insert into measure_point (id, value, time, measure_data_id) values (245, 182.0, PARSEDATETIME ('18-11-19 20:20','dd-MM-yy HH:mm'), 1)
insert into measure_point (id, value, time, measure_data_id) values (246, 181.0, PARSEDATETIME ('18-11-19 20:25','dd-MM-yy HH:mm'), 1)
insert into measure_point (id, value, time, measure_data_id) values (247, 179.9, PARSEDATETIME ('18-11-19 20:30','dd-MM-yy HH:mm'), 1)
insert into measure_point (id, value, time, measure_data_id) values (248, 179.0, PARSEDATETIME ('18-11-19 20:35','dd-MM-yy HH:mm'), 1)
insert into measure_point (id, value, time, measure_data_id) values (249, 177.9, PARSEDATETIME ('18-11-19 20:40','dd-MM-yy HH:mm'), 1)
insert into measure_point (id, value, time, measure_data_id) values (250, 176.5, PARSEDATETIME ('18-11-19 20:45','dd-MM-yy HH:mm'), 1)
insert into measure_point (id, value, time, measure_data_id) values (251, 175.9, PARSEDATETIME ('18-11-19 20:50','dd-MM-yy HH:mm'), 1)
insert into measure_point (id, value, time, measure_data_id) values (252, 174.5, PARSEDATETIME ('18-11-19 20:55','dd-MM-yy HH:mm'), 1)
insert into measure_point (id, value, time, measure_data_id) values (253, 173.4, PARSEDATETIME ('18-11-19 21:00','dd-MM-yy HH:mm'), 1)
insert into measure_point (id, value, time, measure_data_id) values (254, 172.4, PARSEDATETIME ('18-11-19 21:05','dd-MM-yy HH:mm'), 1)
insert into measure_point (id, value, time, measure_data_id) values (255, 171.5, PARSEDATETIME ('18-11-19 21:10','dd-MM-yy HH:mm'), 1)
insert into measure_point (id, value, time, measure_data_id) values (256, 170.6, PARSEDATETIME ('18-11-19 21:15','dd-MM-yy HH:mm'), 1)
insert into measure_point (id, value, time, measure_data_id) values (257, 169.4, PARSEDATETIME ('18-11-19 21:20','dd-MM-yy HH:mm'), 1)
insert into measure_point (id, value, time, measure_data_id) values (258, 168.8, PARSEDATETIME ('18-11-19 21:25','dd-MM-yy HH:mm'), 1)
insert into measure_point (id, value, time, measure_data_id) values (259, 167.9, PARSEDATETIME ('18-11-19 21:30','dd-MM-yy HH:mm'), 1)
insert into measure_point (id, value, time, measure_data_id) values (260, 166.6, PARSEDATETIME ('18-11-19 21:35','dd-MM-yy HH:mm'), 1)
insert into measure_point (id, value, time, measure_data_id) values (261, 165.9, PARSEDATETIME ('18-11-19 21:40','dd-MM-yy HH:mm'), 1)
insert into measure_point (id, value, time, measure_data_id) values (262, 164.9, PARSEDATETIME ('18-11-19 21:45','dd-MM-yy HH:mm'), 1)
insert into measure_point (id, value, time, measure_data_id) values (263, 163.8, PARSEDATETIME ('18-11-19 21:50','dd-MM-yy HH:mm'), 1)
insert into measure_point (id, value, time, measure_data_id) values (264, 163.8, PARSEDATETIME ('18-11-19 21:55','dd-MM-yy HH:mm'), 1)
insert into measure_point (id, value, time, measure_data_id) values (265, 163.8, PARSEDATETIME ('18-11-19 22:00','dd-MM-yy HH:mm'), 1)
insert into measure_point (id, value, time, measure_data_id) values (266, 163.8, PARSEDATETIME ('18-11-19 22:05','dd-MM-yy HH:mm'), 1)
insert into measure_point (id, value, time, measure_data_id) values (267, 163.8, PARSEDATETIME ('18-11-19 22:10','dd-MM-yy HH:mm'), 1)
insert into measure_point (id, value, time, measure_data_id) values (268, 163.8, PARSEDATETIME ('18-11-19 22:15','dd-MM-yy HH:mm'), 1)
insert into measure_point (id, value, time, measure_data_id) values (269, 163.8, PARSEDATETIME ('18-11-19 22:20','dd-MM-yy HH:mm'), 1)
insert into measure_point (id, value, time, measure_data_id) values (270, 163.8, PARSEDATETIME ('18-11-19 22:25','dd-MM-yy HH:mm'), 1)
insert into measure_point (id, value, time, measure_data_id) values (271, 163.8, PARSEDATETIME ('18-11-19 22:30','dd-MM-yy HH:mm'), 1)
insert into measure_point (id, value, time, measure_data_id) values (272, 163.8, PARSEDATETIME ('18-11-19 22:35','dd-MM-yy HH:mm'), 1)
insert into measure_point (id, value, time, measure_data_id) values (273, 163.8, PARSEDATETIME ('18-11-19 22:40','dd-MM-yy HH:mm'), 1)
insert into measure_point (id, value, time, measure_data_id) values (274, 163.8, PARSEDATETIME ('18-11-19 22:45','dd-MM-yy HH:mm'), 1)
insert into measure_point (id, value, time, measure_data_id) values (275, 163.8, PARSEDATETIME ('18-11-19 22:50','dd-MM-yy HH:mm'), 1)
insert into measure_point (id, value, time, measure_data_id) values (276, 163.8, PARSEDATETIME ('18-11-19 22:55','dd-MM-yy HH:mm'), 1)
insert into measure_point (id, value, time, measure_data_id) values (277, 163.8, PARSEDATETIME ('18-11-19 23:00','dd-MM-yy HH:mm'), 1)
insert into measure_point (id, value, time, measure_data_id) values (278, 163.8, PARSEDATETIME ('18-11-19 23:05','dd-MM-yy HH:mm'), 1)
insert into measure_point (id, value, time, measure_data_id) values (279, 163.8, PARSEDATETIME ('18-11-19 23:10','dd-MM-yy HH:mm'), 1)
insert into measure_point (id, value, time, measure_data_id) values (280, 163.8, PARSEDATETIME ('18-11-19 23:15','dd-MM-yy HH:mm'), 1)
insert into measure_point (id, value, time, measure_data_id) values (281, 163.8, PARSEDATETIME ('18-11-19 23:20','dd-MM-yy HH:mm'), 1)
insert into measure_point (id, value, time, measure_data_id) values (282, 163.8, PARSEDATETIME ('18-11-19 23:25','dd-MM-yy HH:mm'), 1)
insert into measure_point (id, value, time, measure_data_id) values (283, 163.8, PARSEDATETIME ('18-11-19 23:30','dd-MM-yy HH:mm'), 1)
insert into measure_point (id, value, time, measure_data_id) values (284, 163.8, PARSEDATETIME ('18-11-19 23:35','dd-MM-yy HH:mm'), 1)
insert into measure_point (id, value, time, measure_data_id) values (285, 163.8, PARSEDATETIME ('18-11-19 23:40','dd-MM-yy HH:mm'), 1)
insert into measure_point (id, value, time, measure_data_id) values (286, 163.8, PARSEDATETIME ('18-11-19 23:45','dd-MM-yy HH:mm'), 1)
insert into measure_point (id, value, time, measure_data_id) values (287, 163.8, PARSEDATETIME ('18-11-19 23:50','dd-MM-yy HH:mm'), 1)
insert into measure_point (id, value, time, measure_data_id) values (288, 163.8, PARSEDATETIME ('18-11-19 23:55','dd-MM-yy HH:mm'), 1)


insert into measure_point (id, value, time, measure_data_id) values (290, 250.0, PARSEDATETIME ('18-11-19 00:00','dd-MM-yy HH:mm'), 2)
insert into measure_point (id, value, time, measure_data_id) values (291, 250.7, PARSEDATETIME ('18-11-19 00:05','dd-MM-yy HH:mm'), 2)
insert into measure_point (id, value, time, measure_data_id) values (292, 251.7, PARSEDATETIME ('18-11-19 00:10','dd-MM-yy HH:mm'), 2)
insert into measure_point (id, value, time, measure_data_id) values (293, 252.8, PARSEDATETIME ('18-11-19 00:15','dd-MM-yy HH:mm'), 2)
insert into measure_point (id, value, time, measure_data_id) values (294, 253.9, PARSEDATETIME ('18-11-19 00:20','dd-MM-yy HH:mm'), 2)
insert into measure_point (id, value, time, measure_data_id) values (295, 255.0, PARSEDATETIME ('18-11-19 00:25','dd-MM-yy HH:mm'), 2)
insert into measure_point (id, value, time, measure_data_id) values (296, 255.8, PARSEDATETIME ('18-11-19 00:30','dd-MM-yy HH:mm'), 2)
insert into measure_point (id, value, time, measure_data_id) values (297, 257.2, PARSEDATETIME ('18-11-19 00:35','dd-MM-yy HH:mm'), 2)
insert into measure_point (id, value, time, measure_data_id) values (298, 258.2, PARSEDATETIME ('18-11-19 00:40','dd-MM-yy HH:mm'), 2)
insert into measure_point (id, value, time, measure_data_id) values (299, 259.0, PARSEDATETIME ('18-11-19 00:45','dd-MM-yy HH:mm'), 2)
insert into measure_point (id, value, time, measure_data_id) values (300, 259.0, PARSEDATETIME ('18-11-19 00:50','dd-MM-yy HH:mm'), 2)
insert into measure_point (id, value, time, measure_data_id) values (301, 259.0, PARSEDATETIME ('18-11-19 00:55','dd-MM-yy HH:mm'), 2)
insert into measure_point (id, value, time, measure_data_id) values (302, 259.0, PARSEDATETIME ('18-11-19 01:00','dd-MM-yy HH:mm'), 2)
insert into measure_point (id, value, time, measure_data_id) values (303, 259.0, PARSEDATETIME ('18-11-19 01:05','dd-MM-yy HH:mm'), 2)
insert into measure_point (id, value, time, measure_data_id) values (304, 259.0, PARSEDATETIME ('18-11-19 01:10','dd-MM-yy HH:mm'), 2)
insert into measure_point (id, value, time, measure_data_id) values (305, 259.0, PARSEDATETIME ('18-11-19 01:15','dd-MM-yy HH:mm'), 2)
insert into measure_point (id, value, time, measure_data_id) values (306, 259.0, PARSEDATETIME ('18-11-19 01:20','dd-MM-yy HH:mm'), 2)
insert into measure_point (id, value, time, measure_data_id) values (307, 259.0, PARSEDATETIME ('18-11-19 01:25','dd-MM-yy HH:mm'), 2)
insert into measure_point (id, value, time, measure_data_id) values (308, 259.0, PARSEDATETIME ('18-11-19 01:30','dd-MM-yy HH:mm'), 2)
insert into measure_point (id, value, time, measure_data_id) values (309, 259.0, PARSEDATETIME ('18-11-19 01:35','dd-MM-yy HH:mm'), 2)
insert into measure_point (id, value, time, measure_data_id) values (310, 259.0, PARSEDATETIME ('18-11-19 01:40','dd-MM-yy HH:mm'), 2)
insert into measure_point (id, value, time, measure_data_id) values (311, 259.0, PARSEDATETIME ('18-11-19 01:45','dd-MM-yy HH:mm'), 2)
insert into measure_point (id, value, time, measure_data_id) values (312, 259.0, PARSEDATETIME ('18-11-19 01:50','dd-MM-yy HH:mm'), 2)
insert into measure_point (id, value, time, measure_data_id) values (313, 259.0, PARSEDATETIME ('18-11-19 01:55','dd-MM-yy HH:mm'), 2)
insert into measure_point (id, value, time, measure_data_id) values (314, 259.0, PARSEDATETIME ('18-11-19 02:00','dd-MM-yy HH:mm'), 2)
insert into measure_point (id, value, time, measure_data_id) values (315, 259.0, PARSEDATETIME ('18-11-19 02:05','dd-MM-yy HH:mm'), 2)
insert into measure_point (id, value, time, measure_data_id) values (316, 259.9, PARSEDATETIME ('18-11-19 02:10','dd-MM-yy HH:mm'), 2)
insert into measure_point (id, value, time, measure_data_id) values (317, 261.0, PARSEDATETIME ('18-11-19 02:15','dd-MM-yy HH:mm'), 2)
insert into measure_point (id, value, time, measure_data_id) values (318, 261.8, PARSEDATETIME ('18-11-19 02:20','dd-MM-yy HH:mm'), 2)
insert into measure_point (id, value, time, measure_data_id) values (319, 262.7, PARSEDATETIME ('18-11-19 02:25','dd-MM-yy HH:mm'), 2)
insert into measure_point (id, value, time, measure_data_id) values (320, 263.5, PARSEDATETIME ('18-11-19 02:30','dd-MM-yy HH:mm'), 2)
insert into measure_point (id, value, time, measure_data_id) values (321, 264.0, PARSEDATETIME ('18-11-19 02:35','dd-MM-yy HH:mm'), 2)
insert into measure_point (id, value, time, measure_data_id) values (322, 265.0, PARSEDATETIME ('18-11-19 02:40','dd-MM-yy HH:mm'), 2)
insert into measure_point (id, value, time, measure_data_id) values (323, 266.0, PARSEDATETIME ('18-11-19 02:45','dd-MM-yy HH:mm'), 2)
insert into measure_point (id, value, time, measure_data_id) values (324, 266.9, PARSEDATETIME ('18-11-19 02:50','dd-MM-yy HH:mm'), 2)
insert into measure_point (id, value, time, measure_data_id) values (325, 267.8, PARSEDATETIME ('18-11-19 02:55','dd-MM-yy HH:mm'), 2)
insert into measure_point (id, value, time, measure_data_id) values (326, 268.8, PARSEDATETIME ('18-11-19 03:00','dd-MM-yy HH:mm'), 2)
insert into measure_point (id, value, time, measure_data_id) values (327, 269.8, PARSEDATETIME ('18-11-19 03:05','dd-MM-yy HH:mm'), 2)
insert into measure_point (id, value, time, measure_data_id) values (328, 271.2, PARSEDATETIME ('18-11-19 03:10','dd-MM-yy HH:mm'), 2)
insert into measure_point (id, value, time, measure_data_id) values (329, 272.2, PARSEDATETIME ('18-11-19 03:15','dd-MM-yy HH:mm'), 2)
insert into measure_point (id, value, time, measure_data_id) values (330, 273.0, PARSEDATETIME ('18-11-19 03:20','dd-MM-yy HH:mm'), 2)
insert into measure_point (id, value, time, measure_data_id) values (331, 274.3, PARSEDATETIME ('18-11-19 03:25','dd-MM-yy HH:mm'), 2)
insert into measure_point (id, value, time, measure_data_id) values (332, 275.4, PARSEDATETIME ('18-11-19 03:30','dd-MM-yy HH:mm'), 2)
insert into measure_point (id, value, time, measure_data_id) values (333, 276.2, PARSEDATETIME ('18-11-19 03:35','dd-MM-yy HH:mm'), 2)
insert into measure_point (id, value, time, measure_data_id) values (334, 277.3, PARSEDATETIME ('18-11-19 03:40','dd-MM-yy HH:mm'), 2)
insert into measure_point (id, value, time, measure_data_id) values (335, 278.3, PARSEDATETIME ('18-11-19 03:45','dd-MM-yy HH:mm'), 2)
insert into measure_point (id, value, time, measure_data_id) values (336, 279.3, PARSEDATETIME ('18-11-19 03:50','dd-MM-yy HH:mm'), 2)
insert into measure_point (id, value, time, measure_data_id) values (337, 280.2, PARSEDATETIME ('18-11-19 03:55','dd-MM-yy HH:mm'), 2)
insert into measure_point (id, value, time, measure_data_id) values (338, 281.4, PARSEDATETIME ('18-11-19 04:00','dd-MM-yy HH:mm'), 2)
insert into measure_point (id, value, time, measure_data_id) values (339, 282.3, PARSEDATETIME ('18-11-19 04:05','dd-MM-yy HH:mm'), 2)
insert into measure_point (id, value, time, measure_data_id) values (340, 283.1, PARSEDATETIME ('18-11-19 04:10','dd-MM-yy HH:mm'), 2)
insert into measure_point (id, value, time, measure_data_id) values (341, 283.9, PARSEDATETIME ('18-11-19 04:15','dd-MM-yy HH:mm'), 2)
insert into measure_point (id, value, time, measure_data_id) values (342, 284.9, PARSEDATETIME ('18-11-19 04:20','dd-MM-yy HH:mm'), 2)
insert into measure_point (id, value, time, measure_data_id) values (343, 286.0, PARSEDATETIME ('18-11-19 04:25','dd-MM-yy HH:mm'), 2)
insert into measure_point (id, value, time, measure_data_id) values (344, 286.8, PARSEDATETIME ('18-11-19 04:30','dd-MM-yy HH:mm'), 2)
insert into measure_point (id, value, time, measure_data_id) values (345, 287.7, PARSEDATETIME ('18-11-19 04:35','dd-MM-yy HH:mm'), 2)
insert into measure_point (id, value, time, measure_data_id) values (346, 288.6, PARSEDATETIME ('18-11-19 04:40','dd-MM-yy HH:mm'), 2)
insert into measure_point (id, value, time, measure_data_id) values (347, 289.5, PARSEDATETIME ('18-11-19 04:45','dd-MM-yy HH:mm'), 2)
insert into measure_point (id, value, time, measure_data_id) values (348, 290.5, PARSEDATETIME ('18-11-19 04:50','dd-MM-yy HH:mm'), 2)
insert into measure_point (id, value, time, measure_data_id) values (349, 291.3, PARSEDATETIME ('18-11-19 04:55','dd-MM-yy HH:mm'), 2)
insert into measure_point (id, value, time, measure_data_id) values (350, 293.0, PARSEDATETIME ('18-11-19 05:00','dd-MM-yy HH:mm'), 2)
insert into measure_point (id, value, time, measure_data_id) values (351, 295.2, PARSEDATETIME ('18-11-19 05:05','dd-MM-yy HH:mm'), 2)
insert into measure_point (id, value, time, measure_data_id) values (352, 297.2, PARSEDATETIME ('18-11-19 05:10','dd-MM-yy HH:mm'), 2)
insert into measure_point (id, value, time, measure_data_id) values (353, 299.1, PARSEDATETIME ('18-11-19 05:15','dd-MM-yy HH:mm'), 2)
insert into measure_point (id, value, time, measure_data_id) values (354, 301.1, PARSEDATETIME ('18-11-19 05:20','dd-MM-yy HH:mm'), 2)
insert into measure_point (id, value, time, measure_data_id) values (355, 302.4, PARSEDATETIME ('18-11-19 05:25','dd-MM-yy HH:mm'), 2)
insert into measure_point (id, value, time, measure_data_id) values (356, 305.1, PARSEDATETIME ('18-11-19 05:30','dd-MM-yy HH:mm'), 2)
insert into measure_point (id, value, time, measure_data_id) values (357, 307.3, PARSEDATETIME ('18-11-19 05:35','dd-MM-yy HH:mm'), 2)
insert into measure_point (id, value, time, measure_data_id) values (358, 308.6, PARSEDATETIME ('18-11-19 05:40','dd-MM-yy HH:mm'), 2)
insert into measure_point (id, value, time, measure_data_id) values (359, 310.5, PARSEDATETIME ('18-11-19 05:45','dd-MM-yy HH:mm'), 2)
insert into measure_point (id, value, time, measure_data_id) values (360, 312.2, PARSEDATETIME ('18-11-19 05:50','dd-MM-yy HH:mm'), 2)
insert into measure_point (id, value, time, measure_data_id) values (361, 314.4, PARSEDATETIME ('18-11-19 05:55','dd-MM-yy HH:mm'), 2)
insert into measure_point (id, value, time, measure_data_id) values (362, 316.8, PARSEDATETIME ('18-11-19 06:00','dd-MM-yy HH:mm'), 2)
insert into measure_point (id, value, time, measure_data_id) values (363, 319.1, PARSEDATETIME ('18-11-19 06:05','dd-MM-yy HH:mm'), 2)
insert into measure_point (id, value, time, measure_data_id) values (364, 320.9, PARSEDATETIME ('18-11-19 06:10','dd-MM-yy HH:mm'), 2)
insert into measure_point (id, value, time, measure_data_id) values (365, 323.4, PARSEDATETIME ('18-11-19 06:15','dd-MM-yy HH:mm'), 2)
insert into measure_point (id, value, time, measure_data_id) values (366, 325.4, PARSEDATETIME ('18-11-19 06:20','dd-MM-yy HH:mm'), 2)
insert into measure_point (id, value, time, measure_data_id) values (367, 328.0, PARSEDATETIME ('18-11-19 06:25','dd-MM-yy HH:mm'), 2)
insert into measure_point (id, value, time, measure_data_id) values (368, 330.0, PARSEDATETIME ('18-11-19 06:30','dd-MM-yy HH:mm'), 2)
insert into measure_point (id, value, time, measure_data_id) values (369, 332.0, PARSEDATETIME ('18-11-19 06:35','dd-MM-yy HH:mm'), 2)
insert into measure_point (id, value, time, measure_data_id) values (370, 333.9, PARSEDATETIME ('18-11-19 06:40','dd-MM-yy HH:mm'), 2)
insert into measure_point (id, value, time, measure_data_id) values (371, 335.2, PARSEDATETIME ('18-11-19 06:45','dd-MM-yy HH:mm'), 2)
insert into measure_point (id, value, time, measure_data_id) values (372, 336.8, PARSEDATETIME ('18-11-19 06:50','dd-MM-yy HH:mm'), 2)
insert into measure_point (id, value, time, measure_data_id) values (373, 338.8, PARSEDATETIME ('18-11-19 06:55','dd-MM-yy HH:mm'), 2)
insert into measure_point (id, value, time, measure_data_id) values (374, 342.2, PARSEDATETIME ('18-11-19 07:00','dd-MM-yy HH:mm'), 2)
insert into measure_point (id, value, time, measure_data_id) values (375, 345.4, PARSEDATETIME ('18-11-19 07:05','dd-MM-yy HH:mm'), 2)
insert into measure_point (id, value, time, measure_data_id) values (376, 347.8, PARSEDATETIME ('18-11-19 07:10','dd-MM-yy HH:mm'), 2)
insert into measure_point (id, value, time, measure_data_id) values (377, 350.9, PARSEDATETIME ('18-11-19 07:15','dd-MM-yy HH:mm'), 2)
insert into measure_point (id, value, time, measure_data_id) values (378, 353.9, PARSEDATETIME ('18-11-19 07:20','dd-MM-yy HH:mm'), 2)
insert into measure_point (id, value, time, measure_data_id) values (379, 356.9, PARSEDATETIME ('18-11-19 07:25','dd-MM-yy HH:mm'), 2)
insert into measure_point (id, value, time, measure_data_id) values (380, 360.9, PARSEDATETIME ('18-11-19 07:30','dd-MM-yy HH:mm'), 2)
insert into measure_point (id, value, time, measure_data_id) values (381, 362.9, PARSEDATETIME ('18-11-19 07:35','dd-MM-yy HH:mm'), 2)
insert into measure_point (id, value, time, measure_data_id) values (382, 366.1, PARSEDATETIME ('18-11-19 07:40','dd-MM-yy HH:mm'), 2)
insert into measure_point (id, value, time, measure_data_id) values (383, 369.1, PARSEDATETIME ('18-11-19 07:45','dd-MM-yy HH:mm'), 2)
insert into measure_point (id, value, time, measure_data_id) values (384, 372.8, PARSEDATETIME ('18-11-19 07:50','dd-MM-yy HH:mm'), 2)
insert into measure_point (id, value, time, measure_data_id) values (385, 375.8, PARSEDATETIME ('18-11-19 07:55','dd-MM-yy HH:mm'), 2)
insert into measure_point (id, value, time, measure_data_id) values (386, 378.8, PARSEDATETIME ('18-11-19 08:00','dd-MM-yy HH:mm'), 2)
insert into measure_point (id, value, time, measure_data_id) values (387, 381.8, PARSEDATETIME ('18-11-19 08:05','dd-MM-yy HH:mm'), 2)
insert into measure_point (id, value, time, measure_data_id) values (388, 384.8, PARSEDATETIME ('18-11-19 08:10','dd-MM-yy HH:mm'), 2)
insert into measure_point (id, value, time, measure_data_id) values (389, 388.8, PARSEDATETIME ('18-11-19 08:15','dd-MM-yy HH:mm'), 2)
insert into measure_point (id, value, time, measure_data_id) values (390, 391.5, PARSEDATETIME ('18-11-19 08:20','dd-MM-yy HH:mm'), 2)
insert into measure_point (id, value, time, measure_data_id) values (391, 394.8, PARSEDATETIME ('18-11-19 08:25','dd-MM-yy HH:mm'), 2)
insert into measure_point (id, value, time, measure_data_id) values (392, 396.8, PARSEDATETIME ('18-11-19 08:30','dd-MM-yy HH:mm'), 2)
insert into measure_point (id, value, time, measure_data_id) values (393, 398.8, PARSEDATETIME ('18-11-19 08:35','dd-MM-yy HH:mm'), 2)
insert into measure_point (id, value, time, measure_data_id) values (394, 400.1, PARSEDATETIME ('18-11-19 08:40','dd-MM-yy HH:mm'), 2)
insert into measure_point (id, value, time, measure_data_id) values (395, 402.0, PARSEDATETIME ('18-11-19 08:45','dd-MM-yy HH:mm'), 2)
insert into measure_point (id, value, time, measure_data_id) values (396, 404.0, PARSEDATETIME ('18-11-19 08:50','dd-MM-yy HH:mm'), 2)
insert into measure_point (id, value, time, measure_data_id) values (397, 405.6, PARSEDATETIME ('18-11-19 08:55','dd-MM-yy HH:mm'), 2)
insert into measure_point (id, value, time, measure_data_id) values (398, 407.9, PARSEDATETIME ('18-11-19 09:00','dd-MM-yy HH:mm'), 2)
insert into measure_point (id, value, time, measure_data_id) values (399, 410.0, PARSEDATETIME ('18-11-19 09:05','dd-MM-yy HH:mm'), 2)
insert into measure_point (id, value, time, measure_data_id) values (400, 411.0, PARSEDATETIME ('18-11-19 09:10','dd-MM-yy HH:mm'), 2)
insert into measure_point (id, value, time, measure_data_id) values (401, 411.9, PARSEDATETIME ('18-11-19 09:15','dd-MM-yy HH:mm'), 2)
insert into measure_point (id, value, time, measure_data_id) values (402, 413.0, PARSEDATETIME ('18-11-19 09:20','dd-MM-yy HH:mm'), 2)
insert into measure_point (id, value, time, measure_data_id) values (403, 413.9, PARSEDATETIME ('18-11-19 09:25','dd-MM-yy HH:mm'), 2)
insert into measure_point (id, value, time, measure_data_id) values (404, 414.9, PARSEDATETIME ('18-11-19 09:30','dd-MM-yy HH:mm'), 2)
insert into measure_point (id, value, time, measure_data_id) values (405, 416.0, PARSEDATETIME ('18-11-19 09:35','dd-MM-yy HH:mm'), 2)
insert into measure_point (id, value, time, measure_data_id) values (406, 416.9, PARSEDATETIME ('18-11-19 09:40','dd-MM-yy HH:mm'), 2)
insert into measure_point (id, value, time, measure_data_id) values (407, 417.6, PARSEDATETIME ('18-11-19 09:45','dd-MM-yy HH:mm'), 2)
insert into measure_point (id, value, time, measure_data_id) values (408, 418.3, PARSEDATETIME ('18-11-19 09:50','dd-MM-yy HH:mm'), 2)
insert into measure_point (id, value, time, measure_data_id) values (409, 419.2, PARSEDATETIME ('18-11-19 09:55','dd-MM-yy HH:mm'), 2)
insert into measure_point (id, value, time, measure_data_id) values (410, 419.2, PARSEDATETIME ('18-11-19 10:00','dd-MM-yy HH:mm'), 2)
insert into measure_point (id, value, time, measure_data_id) values (411, 419.2, PARSEDATETIME ('18-11-19 10:05','dd-MM-yy HH:mm'), 2)
insert into measure_point (id, value, time, measure_data_id) values (412, 419.2, PARSEDATETIME ('18-11-19 10:10','dd-MM-yy HH:mm'), 2)
insert into measure_point (id, value, time, measure_data_id) values (413, 419.2, PARSEDATETIME ('18-11-19 10:15','dd-MM-yy HH:mm'), 2)
insert into measure_point (id, value, time, measure_data_id) values (414, 419.2, PARSEDATETIME ('18-11-19 10:20','dd-MM-yy HH:mm'), 2)
insert into measure_point (id, value, time, measure_data_id) values (415, 418.3, PARSEDATETIME ('18-11-19 10:25','dd-MM-yy HH:mm'), 2)
insert into measure_point (id, value, time, measure_data_id) values (416, 417.4, PARSEDATETIME ('18-11-19 10:30','dd-MM-yy HH:mm'), 2)
insert into measure_point (id, value, time, measure_data_id) values (417, 416.4, PARSEDATETIME ('18-11-19 10:35','dd-MM-yy HH:mm'), 2)
insert into measure_point (id, value, time, measure_data_id) values (418, 415.4, PARSEDATETIME ('18-11-19 10:40','dd-MM-yy HH:mm'), 2)
insert into measure_point (id, value, time, measure_data_id) values (419, 414.3, PARSEDATETIME ('18-11-19 10:45','dd-MM-yy HH:mm'), 2)
insert into measure_point (id, value, time, measure_data_id) values (420, 413.0, PARSEDATETIME ('18-11-19 10:50','dd-MM-yy HH:mm'), 2)
insert into measure_point (id, value, time, measure_data_id) values (421, 412.4, PARSEDATETIME ('18-11-19 10:55','dd-MM-yy HH:mm'), 2)
insert into measure_point (id, value, time, measure_data_id) values (422, 411.4, PARSEDATETIME ('18-11-19 11:00','dd-MM-yy HH:mm'), 2)
insert into measure_point (id, value, time, measure_data_id) values (423, 410.2, PARSEDATETIME ('18-11-19 11:05','dd-MM-yy HH:mm'), 2)
insert into measure_point (id, value, time, measure_data_id) values (424, 409.2, PARSEDATETIME ('18-11-19 11:10','dd-MM-yy HH:mm'), 2)
insert into measure_point (id, value, time, measure_data_id) values (425, 408.4, PARSEDATETIME ('18-11-19 11:15','dd-MM-yy HH:mm'), 2)
insert into measure_point (id, value, time, measure_data_id) values (426, 407.3, PARSEDATETIME ('18-11-19 11:20','dd-MM-yy HH:mm'), 2)
insert into measure_point (id, value, time, measure_data_id) values (427, 406.2, PARSEDATETIME ('18-11-19 11:25','dd-MM-yy HH:mm'), 2)
insert into measure_point (id, value, time, measure_data_id) values (428, 404.3, PARSEDATETIME ('18-11-19 11:30','dd-MM-yy HH:mm'), 2)
insert into measure_point (id, value, time, measure_data_id) values (429, 402.0, PARSEDATETIME ('18-11-19 11:35','dd-MM-yy HH:mm'), 2)
insert into measure_point (id, value, time, measure_data_id) values (430, 400.1, PARSEDATETIME ('18-11-19 11:40','dd-MM-yy HH:mm'), 2)
insert into measure_point (id, value, time, measure_data_id) values (431, 398.0, PARSEDATETIME ('18-11-19 11:45','dd-MM-yy HH:mm'), 2)
insert into measure_point (id, value, time, measure_data_id) values (432, 395.8, PARSEDATETIME ('18-11-19 11:50','dd-MM-yy HH:mm'), 2)
insert into measure_point (id, value, time, measure_data_id) values (433, 392.9, PARSEDATETIME ('18-11-19 11:55','dd-MM-yy HH:mm'), 2)
insert into measure_point (id, value, time, measure_data_id) values (434, 391.1, PARSEDATETIME ('18-11-19 12:00','dd-MM-yy HH:mm'), 2)
insert into measure_point (id, value, time, measure_data_id) values (435, 388.1, PARSEDATETIME ('18-11-19 12:05','dd-MM-yy HH:mm'), 2)
insert into measure_point (id, value, time, measure_data_id) values (436, 384.4, PARSEDATETIME ('18-11-19 12:10','dd-MM-yy HH:mm'), 2)
insert into measure_point (id, value, time, measure_data_id) values (437, 380.8, PARSEDATETIME ('18-11-19 12:15','dd-MM-yy HH:mm'), 2)
insert into measure_point (id, value, time, measure_data_id) values (438, 377.5, PARSEDATETIME ('18-11-19 12:20','dd-MM-yy HH:mm'), 2)
insert into measure_point (id, value, time, measure_data_id) values (439, 375.0, PARSEDATETIME ('18-11-19 12:25','dd-MM-yy HH:mm'), 2)
insert into measure_point (id, value, time, measure_data_id) values (440, 371.9, PARSEDATETIME ('18-11-19 12:30','dd-MM-yy HH:mm'), 2)
insert into measure_point (id, value, time, measure_data_id) values (441, 368.3, PARSEDATETIME ('18-11-19 12:35','dd-MM-yy HH:mm'), 2)
insert into measure_point (id, value, time, measure_data_id) values (442, 365.0, PARSEDATETIME ('18-11-19 12:40','dd-MM-yy HH:mm'), 2)
insert into measure_point (id, value, time, measure_data_id) values (443, 361.9, PARSEDATETIME ('18-11-19 12:45','dd-MM-yy HH:mm'), 2)
insert into measure_point (id, value, time, measure_data_id) values (444, 359.1, PARSEDATETIME ('18-11-19 12:50','dd-MM-yy HH:mm'), 2)
insert into measure_point (id, value, time, measure_data_id) values (445, 356.2, PARSEDATETIME ('18-11-19 12:55','dd-MM-yy HH:mm'), 2)
insert into measure_point (id, value, time, measure_data_id) values (446, 355.2, PARSEDATETIME ('18-11-19 13:00','dd-MM-yy HH:mm'), 2)
insert into measure_point (id, value, time, measure_data_id) values (447, 354.2, PARSEDATETIME ('18-11-19 13:05','dd-MM-yy HH:mm'), 2)
insert into measure_point (id, value, time, measure_data_id) values (448, 353.1, PARSEDATETIME ('18-11-19 13:10','dd-MM-yy HH:mm'), 2)
insert into measure_point (id, value, time, measure_data_id) values (449, 352.0, PARSEDATETIME ('18-11-19 13:15','dd-MM-yy HH:mm'), 2)
insert into measure_point (id, value, time, measure_data_id) values (450, 351.1, PARSEDATETIME ('18-11-19 13:20','dd-MM-yy HH:mm'), 2)
insert into measure_point (id, value, time, measure_data_id) values (451, 349.8, PARSEDATETIME ('18-11-19 13:25','dd-MM-yy HH:mm'), 2)
insert into measure_point (id, value, time, measure_data_id) values (452, 348.4, PARSEDATETIME ('18-11-19 13:30','dd-MM-yy HH:mm'), 2)
insert into measure_point (id, value, time, measure_data_id) values (453, 347.1, PARSEDATETIME ('18-11-19 13:35','dd-MM-yy HH:mm'), 2)
insert into measure_point (id, value, time, measure_data_id) values (454, 346.2, PARSEDATETIME ('18-11-19 13:40','dd-MM-yy HH:mm'), 2)
insert into measure_point (id, value, time, measure_data_id) values (455, 346.2, PARSEDATETIME ('18-11-19 13:45','dd-MM-yy HH:mm'), 2)
insert into measure_point (id, value, time, measure_data_id) values (456, 346.2, PARSEDATETIME ('18-11-19 13:50','dd-MM-yy HH:mm'), 2)
insert into measure_point (id, value, time, measure_data_id) values (457, 346.2, PARSEDATETIME ('18-11-19 13:55','dd-MM-yy HH:mm'), 2)
insert into measure_point (id, value, time, measure_data_id) values (458, 346.2, PARSEDATETIME ('18-11-19 14:00','dd-MM-yy HH:mm'), 2)
insert into measure_point (id, value, time, measure_data_id) values (459, 346.2, PARSEDATETIME ('18-11-19 14:05','dd-MM-yy HH:mm'), 2)
insert into measure_point (id, value, time, measure_data_id) values (460, 346.2, PARSEDATETIME ('18-11-19 14:10','dd-MM-yy HH:mm'), 2)
insert into measure_point (id, value, time, measure_data_id) values (461, 346.2, PARSEDATETIME ('18-11-19 14:15','dd-MM-yy HH:mm'), 2)
insert into measure_point (id, value, time, measure_data_id) values (462, 346.2, PARSEDATETIME ('18-11-19 14:20','dd-MM-yy HH:mm'), 2)
insert into measure_point (id, value, time, measure_data_id) values (463, 346.2, PARSEDATETIME ('18-11-19 14:25','dd-MM-yy HH:mm'), 2)
insert into measure_point (id, value, time, measure_data_id) values (464, 346.2, PARSEDATETIME ('18-11-19 14:30','dd-MM-yy HH:mm'), 2)
insert into measure_point (id, value, time, measure_data_id) values (465, 347.3, PARSEDATETIME ('18-11-19 14:35','dd-MM-yy HH:mm'), 2)
insert into measure_point (id, value, time, measure_data_id) values (466, 348.4, PARSEDATETIME ('18-11-19 14:40','dd-MM-yy HH:mm'), 2)
insert into measure_point (id, value, time, measure_data_id) values (467, 349.3, PARSEDATETIME ('18-11-19 14:45','dd-MM-yy HH:mm'), 2)
insert into measure_point (id, value, time, measure_data_id) values (468, 350.2, PARSEDATETIME ('18-11-19 14:50','dd-MM-yy HH:mm'), 2)
insert into measure_point (id, value, time, measure_data_id) values (469, 351.2, PARSEDATETIME ('18-11-19 14:55','dd-MM-yy HH:mm'), 2)
insert into measure_point (id, value, time, measure_data_id) values (470, 352.1, PARSEDATETIME ('18-11-19 15:00','dd-MM-yy HH:mm'), 2)
insert into measure_point (id, value, time, measure_data_id) values (471, 353.3, PARSEDATETIME ('18-11-19 15:05','dd-MM-yy HH:mm'), 2)
insert into measure_point (id, value, time, measure_data_id) values (472, 354.1, PARSEDATETIME ('18-11-19 15:10','dd-MM-yy HH:mm'), 2)
insert into measure_point (id, value, time, measure_data_id) values (473, 355.2, PARSEDATETIME ('18-11-19 15:15','dd-MM-yy HH:mm'), 2)
insert into measure_point (id, value, time, measure_data_id) values (474, 356.3, PARSEDATETIME ('18-11-19 15:20','dd-MM-yy HH:mm'), 2)
insert into measure_point (id, value, time, measure_data_id) values (475, 357.2, PARSEDATETIME ('18-11-19 15:25','dd-MM-yy HH:mm'), 2)
insert into measure_point (id, value, time, measure_data_id) values (476, 358.0, PARSEDATETIME ('18-11-19 15:30','dd-MM-yy HH:mm'), 2)
insert into measure_point (id, value, time, measure_data_id) values (477, 359.0, PARSEDATETIME ('18-11-19 15:35','dd-MM-yy HH:mm'), 2)
insert into measure_point (id, value, time, measure_data_id) values (478, 361.0, PARSEDATETIME ('18-11-19 15:40','dd-MM-yy HH:mm'), 2)
insert into measure_point (id, value, time, measure_data_id) values (479, 362.2, PARSEDATETIME ('18-11-19 15:45','dd-MM-yy HH:mm'), 2)
insert into measure_point (id, value, time, measure_data_id) values (480, 364.8, PARSEDATETIME ('18-11-19 15:50','dd-MM-yy HH:mm'), 2)
insert into measure_point (id, value, time, measure_data_id) values (481, 367.0, PARSEDATETIME ('18-11-19 15:55','dd-MM-yy HH:mm'), 2)
insert into measure_point (id, value, time, measure_data_id) values (482, 369.2, PARSEDATETIME ('18-11-19 16:00','dd-MM-yy HH:mm'), 2)
insert into measure_point (id, value, time, measure_data_id) values (483, 371.2, PARSEDATETIME ('18-11-19 16:05','dd-MM-yy HH:mm'), 2)
insert into measure_point (id, value, time, measure_data_id) values (484, 373.0, PARSEDATETIME ('18-11-19 16:10','dd-MM-yy HH:mm'), 2)
insert into measure_point (id, value, time, measure_data_id) values (485, 374.7, PARSEDATETIME ('18-11-19 16:15','dd-MM-yy HH:mm'), 2)
insert into measure_point (id, value, time, measure_data_id) values (486, 376.8, PARSEDATETIME ('18-11-19 16:20','dd-MM-yy HH:mm'), 2)
insert into measure_point (id, value, time, measure_data_id) values (487, 378.8, PARSEDATETIME ('18-11-19 16:25','dd-MM-yy HH:mm'), 2)
insert into measure_point (id, value, time, measure_data_id) values (488, 380.5, PARSEDATETIME ('18-11-19 16:30','dd-MM-yy HH:mm'), 2)
insert into measure_point (id, value, time, measure_data_id) values (489, 382.5, PARSEDATETIME ('18-11-19 16:35','dd-MM-yy HH:mm'), 2)
insert into measure_point (id, value, time, measure_data_id) values (490, 384.1, PARSEDATETIME ('18-11-19 16:40','dd-MM-yy HH:mm'), 2)
insert into measure_point (id, value, time, measure_data_id) values (491, 385.1, PARSEDATETIME ('18-11-19 16:45','dd-MM-yy HH:mm'), 2)
insert into measure_point (id, value, time, measure_data_id) values (492, 386.4, PARSEDATETIME ('18-11-19 16:50','dd-MM-yy HH:mm'), 2)
insert into measure_point (id, value, time, measure_data_id) values (493, 387.5, PARSEDATETIME ('18-11-19 16:55','dd-MM-yy HH:mm'), 2)
insert into measure_point (id, value, time, measure_data_id) values (494, 388.3, PARSEDATETIME ('18-11-19 17:00','dd-MM-yy HH:mm'), 2)
insert into measure_point (id, value, time, measure_data_id) values (495, 389.3, PARSEDATETIME ('18-11-19 17:05','dd-MM-yy HH:mm'), 2)
insert into measure_point (id, value, time, measure_data_id) values (496, 390.2, PARSEDATETIME ('18-11-19 17:10','dd-MM-yy HH:mm'), 2)
insert into measure_point (id, value, time, measure_data_id) values (497, 391.2, PARSEDATETIME ('18-11-19 17:15','dd-MM-yy HH:mm'), 2)
insert into measure_point (id, value, time, measure_data_id) values (498, 392.2, PARSEDATETIME ('18-11-19 17:20','dd-MM-yy HH:mm'), 2)
insert into measure_point (id, value, time, measure_data_id) values (499, 393.1, PARSEDATETIME ('18-11-19 17:25','dd-MM-yy HH:mm'), 2)
insert into measure_point (id, value, time, measure_data_id) values (500, 394.1, PARSEDATETIME ('18-11-19 17:30','dd-MM-yy HH:mm'), 2)
insert into measure_point (id, value, time, measure_data_id) values (501, 395.1, PARSEDATETIME ('18-11-19 17:35','dd-MM-yy HH:mm'), 2)
insert into measure_point (id, value, time, measure_data_id) values (502, 395.1, PARSEDATETIME ('18-11-19 17:40','dd-MM-yy HH:mm'), 2)
insert into measure_point (id, value, time, measure_data_id) values (503, 395.1, PARSEDATETIME ('18-11-19 17:45','dd-MM-yy HH:mm'), 2)
insert into measure_point (id, value, time, measure_data_id) values (504, 395.1, PARSEDATETIME ('18-11-19 17:50','dd-MM-yy HH:mm'), 2)
insert into measure_point (id, value, time, measure_data_id) values (505, 395.1, PARSEDATETIME ('18-11-19 17:55','dd-MM-yy HH:mm'), 2)
insert into measure_point (id, value, time, measure_data_id) values (506, 395.1, PARSEDATETIME ('18-11-19 18:00','dd-MM-yy HH:mm'), 2)
insert into measure_point (id, value, time, measure_data_id) values (507, 395.1, PARSEDATETIME ('18-11-19 18:05','dd-MM-yy HH:mm'), 2)
insert into measure_point (id, value, time, measure_data_id) values (508, 395.1, PARSEDATETIME ('18-11-19 18:10','dd-MM-yy HH:mm'), 2)
insert into measure_point (id, value, time, measure_data_id) values (509, 395.1, PARSEDATETIME ('18-11-19 18:15','dd-MM-yy HH:mm'), 2)
insert into measure_point (id, value, time, measure_data_id) values (510, 395.1, PARSEDATETIME ('18-11-19 18:20','dd-MM-yy HH:mm'), 2)
insert into measure_point (id, value, time, measure_data_id) values (511, 395.1, PARSEDATETIME ('18-11-19 18:25','dd-MM-yy HH:mm'), 2)
insert into measure_point (id, value, time, measure_data_id) values (512, 395.1, PARSEDATETIME ('18-11-19 18:30','dd-MM-yy HH:mm'), 2)
insert into measure_point (id, value, time, measure_data_id) values (513, 395.1, PARSEDATETIME ('18-11-19 18:35','dd-MM-yy HH:mm'), 2)
insert into measure_point (id, value, time, measure_data_id) values (514, 395.1, PARSEDATETIME ('18-11-19 18:40','dd-MM-yy HH:mm'), 2)
insert into measure_point (id, value, time, measure_data_id) values (515, 395.1, PARSEDATETIME ('18-11-19 18:45','dd-MM-yy HH:mm'), 2)
insert into measure_point (id, value, time, measure_data_id) values (516, 395.1, PARSEDATETIME ('18-11-19 18:50','dd-MM-yy HH:mm'), 2)
insert into measure_point (id, value, time, measure_data_id) values (517, 395.1, PARSEDATETIME ('18-11-19 18:55','dd-MM-yy HH:mm'), 2)
insert into measure_point (id, value, time, measure_data_id) values (518, 395.1, PARSEDATETIME ('18-11-19 19:00','dd-MM-yy HH:mm'), 2)
insert into measure_point (id, value, time, measure_data_id) values (519, 395.1, PARSEDATETIME ('18-11-19 19:05','dd-MM-yy HH:mm'), 2)
insert into measure_point (id, value, time, measure_data_id) values (520, 396.2, PARSEDATETIME ('18-11-19 19:10','dd-MM-yy HH:mm'), 2)
insert into measure_point (id, value, time, measure_data_id) values (521, 397.2, PARSEDATETIME ('18-11-19 19:15','dd-MM-yy HH:mm'), 2)
insert into measure_point (id, value, time, measure_data_id) values (522, 398.0, PARSEDATETIME ('18-11-19 19:20','dd-MM-yy HH:mm'), 2)
insert into measure_point (id, value, time, measure_data_id) values (523, 398.9, PARSEDATETIME ('18-11-19 19:25','dd-MM-yy HH:mm'), 2)
insert into measure_point (id, value, time, measure_data_id) values (524, 400.1, PARSEDATETIME ('18-11-19 19:30','dd-MM-yy HH:mm'), 2)
insert into measure_point (id, value, time, measure_data_id) values (525, 401.2, PARSEDATETIME ('18-11-19 19:35','dd-MM-yy HH:mm'), 2)
insert into measure_point (id, value, time, measure_data_id) values (526, 402.2, PARSEDATETIME ('18-11-19 19:40','dd-MM-yy HH:mm'), 2)
insert into measure_point (id, value, time, measure_data_id) values (527, 403.1, PARSEDATETIME ('18-11-19 19:45','dd-MM-yy HH:mm'), 2)
insert into measure_point (id, value, time, measure_data_id) values (528, 404.4, PARSEDATETIME ('18-11-19 19:50','dd-MM-yy HH:mm'), 2)
insert into measure_point (id, value, time, measure_data_id) values (529, 405.3, PARSEDATETIME ('18-11-19 19:55','dd-MM-yy HH:mm'), 2)
insert into measure_point (id, value, time, measure_data_id) values (530, 406.3, PARSEDATETIME ('18-11-19 20:00','dd-MM-yy HH:mm'), 2)
insert into measure_point (id, value, time, measure_data_id) values (531, 407.1, PARSEDATETIME ('18-11-19 20:05','dd-MM-yy HH:mm'), 2)
insert into measure_point (id, value, time, measure_data_id) values (532, 408.0, PARSEDATETIME ('18-11-19 20:10','dd-MM-yy HH:mm'), 2)
insert into measure_point (id, value, time, measure_data_id) values (533, 409.1, PARSEDATETIME ('18-11-19 20:15','dd-MM-yy HH:mm'), 2)
insert into measure_point (id, value, time, measure_data_id) values (534, 410.1, PARSEDATETIME ('18-11-19 20:20','dd-MM-yy HH:mm'), 2)
insert into measure_point (id, value, time, measure_data_id) values (535, 411.2, PARSEDATETIME ('18-11-19 20:25','dd-MM-yy HH:mm'), 2)
insert into measure_point (id, value, time, measure_data_id) values (536, 412.1, PARSEDATETIME ('18-11-19 20:30','dd-MM-yy HH:mm'), 2)
insert into measure_point (id, value, time, measure_data_id) values (537, 413.3, PARSEDATETIME ('18-11-19 20:35','dd-MM-yy HH:mm'), 2)
insert into measure_point (id, value, time, measure_data_id) values (538, 414.3, PARSEDATETIME ('18-11-19 20:40','dd-MM-yy HH:mm'), 2)
insert into measure_point (id, value, time, measure_data_id) values (539, 415.1, PARSEDATETIME ('18-11-19 20:45','dd-MM-yy HH:mm'), 2)
insert into measure_point (id, value, time, measure_data_id) values (540, 415.9, PARSEDATETIME ('18-11-19 20:50','dd-MM-yy HH:mm'), 2)
insert into measure_point (id, value, time, measure_data_id) values (541, 417.0, PARSEDATETIME ('18-11-19 20:55','dd-MM-yy HH:mm'), 2)
insert into measure_point (id, value, time, measure_data_id) values (542, 418.1, PARSEDATETIME ('18-11-19 21:00','dd-MM-yy HH:mm'), 2)
insert into measure_point (id, value, time, measure_data_id) values (543, 419.0, PARSEDATETIME ('18-11-19 21:05','dd-MM-yy HH:mm'), 2)
insert into measure_point (id, value, time, measure_data_id) values (544, 420.4, PARSEDATETIME ('18-11-19 21:10','dd-MM-yy HH:mm'), 2)
insert into measure_point (id, value, time, measure_data_id) values (545, 421.6, PARSEDATETIME ('18-11-19 21:15','dd-MM-yy HH:mm'), 2)
insert into measure_point (id, value, time, measure_data_id) values (546, 422.6, PARSEDATETIME ('18-11-19 21:20','dd-MM-yy HH:mm'), 2)
insert into measure_point (id, value, time, measure_data_id) values (547, 423.9, PARSEDATETIME ('18-11-19 21:25','dd-MM-yy HH:mm'), 2)
insert into measure_point (id, value, time, measure_data_id) values (548, 425.0, PARSEDATETIME ('18-11-19 21:30','dd-MM-yy HH:mm'), 2)
insert into measure_point (id, value, time, measure_data_id) values (549, 425.9, PARSEDATETIME ('18-11-19 21:35','dd-MM-yy HH:mm'), 2)
insert into measure_point (id, value, time, measure_data_id) values (550, 426.5, PARSEDATETIME ('18-11-19 21:40','dd-MM-yy HH:mm'), 2)
insert into measure_point (id, value, time, measure_data_id) values (551, 427.6, PARSEDATETIME ('18-11-19 21:45','dd-MM-yy HH:mm'), 2)
insert into measure_point (id, value, time, measure_data_id) values (552, 428.5, PARSEDATETIME ('18-11-19 21:50','dd-MM-yy HH:mm'), 2)
insert into measure_point (id, value, time, measure_data_id) values (553, 429.5, PARSEDATETIME ('18-11-19 21:55','dd-MM-yy HH:mm'), 2)
insert into measure_point (id, value, time, measure_data_id) values (554, 430.4, PARSEDATETIME ('18-11-19 22:00','dd-MM-yy HH:mm'), 2)
insert into measure_point (id, value, time, measure_data_id) values (555, 431.3, PARSEDATETIME ('18-11-19 22:05','dd-MM-yy HH:mm'), 2)
insert into measure_point (id, value, time, measure_data_id) values (556, 432.2, PARSEDATETIME ('18-11-19 22:10','dd-MM-yy HH:mm'), 2)
insert into measure_point (id, value, time, measure_data_id) values (557, 433.3, PARSEDATETIME ('18-11-19 22:15','dd-MM-yy HH:mm'), 2)
insert into measure_point (id, value, time, measure_data_id) values (558, 434.2, PARSEDATETIME ('18-11-19 22:20','dd-MM-yy HH:mm'), 2)
insert into measure_point (id, value, time, measure_data_id) values (559, 435.5, PARSEDATETIME ('18-11-19 22:25','dd-MM-yy HH:mm'), 2)
insert into measure_point (id, value, time, measure_data_id) values (560, 436.4, PARSEDATETIME ('18-11-19 22:30','dd-MM-yy HH:mm'), 2)
insert into measure_point (id, value, time, measure_data_id) values (561, 437.2, PARSEDATETIME ('18-11-19 22:35','dd-MM-yy HH:mm'), 2)
insert into measure_point (id, value, time, measure_data_id) values (562, 438.1, PARSEDATETIME ('18-11-19 22:40','dd-MM-yy HH:mm'), 2)
insert into measure_point (id, value, time, measure_data_id) values (563, 439.5, PARSEDATETIME ('18-11-19 22:45','dd-MM-yy HH:mm'), 2)
insert into measure_point (id, value, time, measure_data_id) values (564, 440.2, PARSEDATETIME ('18-11-19 22:50','dd-MM-yy HH:mm'), 2)
insert into measure_point (id, value, time, measure_data_id) values (565, 441.1, PARSEDATETIME ('18-11-19 22:55','dd-MM-yy HH:mm'), 2)
insert into measure_point (id, value, time, measure_data_id) values (566, 442.1, PARSEDATETIME ('18-11-19 23:00','dd-MM-yy HH:mm'), 2)
insert into measure_point (id, value, time, measure_data_id) values (567, 442.9, PARSEDATETIME ('18-11-19 23:05','dd-MM-yy HH:mm'), 2)
insert into measure_point (id, value, time, measure_data_id) values (568, 443.8, PARSEDATETIME ('18-11-19 23:10','dd-MM-yy HH:mm'), 2)
insert into measure_point (id, value, time, measure_data_id) values (569, 444.6, PARSEDATETIME ('18-11-19 23:15','dd-MM-yy HH:mm'), 2)
insert into measure_point (id, value, time, measure_data_id) values (570, 445.9, PARSEDATETIME ('18-11-19 23:20','dd-MM-yy HH:mm'), 2)
insert into measure_point (id, value, time, measure_data_id) values (571, 446.8, PARSEDATETIME ('18-11-19 23:25','dd-MM-yy HH:mm'), 2)
insert into measure_point (id, value, time, measure_data_id) values (572, 447.4, PARSEDATETIME ('18-11-19 23:30','dd-MM-yy HH:mm'), 2)
insert into measure_point (id, value, time, measure_data_id) values (573, 448.6, PARSEDATETIME ('18-11-19 23:35','dd-MM-yy HH:mm'), 2)
insert into measure_point (id, value, time, measure_data_id) values (574, 450.0, PARSEDATETIME ('18-11-19 23:40','dd-MM-yy HH:mm'), 2)
insert into measure_point (id, value, time, measure_data_id) values (575, 451.0, PARSEDATETIME ('18-11-19 23:45','dd-MM-yy HH:mm'), 2)
insert into measure_point (id, value, time, measure_data_id) values (576, 452.1, PARSEDATETIME ('18-11-19 23:50','dd-MM-yy HH:mm'), 2)
insert into measure_point (id, value, time, measure_data_id) values (577, 452.9, PARSEDATETIME ('18-11-19 23:55','dd-MM-yy HH:mm'), 2)

insert into graphic_interval (id, name, applyeta, init_time, end_time) values (1, 'aproxEntry', 1, -90, -0)
insert into graphic_interval (id, name, applyeta, init_time, end_time) values (2, 'movEntry', 1, 0, 30)
insert into graphic_interval (id, name, applyeta, init_time, end_time) values (3, 'stay', 0, 30, -30)
insert into graphic_interval (id, name, applyeta, init_time, end_time) values (4, 'operations', 0, 60, -60)
insert into graphic_interval (id, name, applyeta, init_time, end_time) values (5, 'movExit', 2, -30, 0)
insert into graphic_interval (id, name, applyeta, init_time, end_time) values (6, 'aproxExit', 2, 0, 90)

--Waves graphics for vessel 1
insert into measure_detail (id, vessel_id, measure_type_data_id, threshold1, threshold2, graphic_interval_id, measure_data_id) values (1, 1, 1, 60, 120, 1, 1)
insert into measure_detail (id, vessel_id, measure_type_data_id, threshold1, threshold2, graphic_interval_id, measure_data_id) values (2, 1, 1, 60, 120, 2, 1)
insert into measure_detail (id, vessel_id, measure_type_data_id, threshold1, threshold2, graphic_interval_id, measure_data_id) values (3, 1, 1, 200, 320, 3, 1)
insert into measure_detail (id, vessel_id, measure_type_data_id, threshold1, threshold2, graphic_interval_id, measure_data_id) values (4, 1, 1, 60, 120, 4, 1)
insert into measure_detail (id, vessel_id, measure_type_data_id, threshold1, threshold2, graphic_interval_id, measure_data_id) values (5, 1, 1, 60, 120, 5, 1)
insert into measure_detail (id, vessel_id, measure_type_data_id, threshold1, threshold2, graphic_interval_id, measure_data_id) values (6, 1, 1, 60, 120, 6, 1)
--Wind graphics for vessel1
insert into measure_detail (id, vessel_id, measure_type_data_id, threshold1, threshold2, graphic_interval_id, measure_data_id) values (7, 1, 2, 300, 350, 1, 2)
insert into measure_detail (id, vessel_id, measure_type_data_id, threshold1, threshold2, graphic_interval_id, measure_data_id) values (8, 1, 2, 300, 350, 2, 2)
insert into measure_detail (id, vessel_id, measure_type_data_id, threshold1, threshold2, graphic_interval_id, measure_data_id) values (9, 1, 2, 500, 550, 3, 2)
insert into measure_detail (id, vessel_id, measure_type_data_id, threshold1, threshold2, graphic_interval_id, measure_data_id) values (10, 1, 2, 300, 350, 4, 2)
insert into measure_detail (id, vessel_id, measure_type_data_id, threshold1, threshold2, graphic_interval_id, measure_data_id) values (11, 1, 2, 300, 350, 5, 2)
insert into measure_detail (id, vessel_id, measure_type_data_id, threshold1, threshold2, graphic_interval_id, measure_data_id) values (12, 1, 2, 300, 350, 6, 2)
--Waves graphics for vessel 2
insert into measure_detail (id, vessel_id, measure_type_data_id, threshold1, threshold2, graphic_interval_id, measure_data_id) values (13, 2, 1, 60, 120, 1, 1)
insert into measure_detail (id, vessel_id, measure_type_data_id, threshold1, threshold2, graphic_interval_id, measure_data_id) values (14, 2, 1, 60, 120, 2, 1)
insert into measure_detail (id, vessel_id, measure_type_data_id, threshold1, threshold2, graphic_interval_id, measure_data_id) values (15, 2, 1, 200, 350, 3, 1)
insert into measure_detail (id, vessel_id, measure_type_data_id, threshold1, threshold2, graphic_interval_id, measure_data_id) values (16, 2, 1, 60, 120, 4, 1)
insert into measure_detail (id, vessel_id, measure_type_data_id, threshold1, threshold2, graphic_interval_id, measure_data_id) values (17, 2, 1, 60, 120, 5, 1)
insert into measure_detail (id, vessel_id, measure_type_data_id, threshold1, threshold2, graphic_interval_id, measure_data_id) values (18, 2, 1, 60, 120, 6, 1)
--Wind graphics for vessel 2
insert into measure_detail (id, vessel_id, measure_type_data_id, threshold1, threshold2, graphic_interval_id, measure_data_id) values (19, 2, 2, 300, 350, 1, 2)
insert into measure_detail (id, vessel_id, measure_type_data_id, threshold1, threshold2, graphic_interval_id, measure_data_id) values (20, 2, 2, 300, 350, 2, 2)
insert into measure_detail (id, vessel_id, measure_type_data_id, threshold1, threshold2, graphic_interval_id, measure_data_id) values (21, 2, 2, 500, 550, 3, 2)
insert into measure_detail (id, vessel_id, measure_type_data_id, threshold1, threshold2, graphic_interval_id, measure_data_id) values (22, 2, 2, 300, 350, 4, 2)
insert into measure_detail (id, vessel_id, measure_type_data_id, threshold1, threshold2, graphic_interval_id, measure_data_id) values (23, 2, 2, 300, 350, 5, 2)
insert into measure_detail (id, vessel_id, measure_type_data_id, threshold1, threshold2, graphic_interval_id, measure_data_id) values (24, 2, 2, 300, 350, 6, 2)
--Waves graphics for vessel 3
insert into measure_detail (id, vessel_id, measure_type_data_id, threshold1, threshold2, graphic_interval_id, measure_data_id) values (25, 3, 1, 60, 120, 1, 1)
insert into measure_detail (id, vessel_id, measure_type_data_id, threshold1, threshold2, graphic_interval_id, measure_data_id) values (26, 3, 1, 60, 120, 2, 1)
insert into measure_detail (id, vessel_id, measure_type_data_id, threshold1, threshold2, graphic_interval_id, measure_data_id) values (27, 3, 1, 200, 350, 3, 1)
insert into measure_detail (id, vessel_id, measure_type_data_id, threshold1, threshold2, graphic_interval_id, measure_data_id) values (28, 3, 1, 60, 120, 4, 1)
insert into measure_detail (id, vessel_id, measure_type_data_id, threshold1, threshold2, graphic_interval_id, measure_data_id) values (29, 3, 1, 60, 120, 5, 1)
insert into measure_detail (id, vessel_id, measure_type_data_id, threshold1, threshold2, graphic_interval_id, measure_data_id) values (30, 3, 1, 60, 120, 6, 1)
--Wind graphics for vessel 3
insert into measure_detail (id, vessel_id, measure_type_data_id, threshold1, threshold2, graphic_interval_id, measure_data_id) values (31, 3, 2, 300, 350, 1, 2)
insert into measure_detail (id, vessel_id, measure_type_data_id, threshold1, threshold2, graphic_interval_id, measure_data_id) values (32, 3, 2, 300, 350, 2, 2)
insert into measure_detail (id, vessel_id, measure_type_data_id, threshold1, threshold2, graphic_interval_id, measure_data_id) values (33, 3, 2, 500, 550, 3, 2)
insert into measure_detail (id, vessel_id, measure_type_data_id, threshold1, threshold2, graphic_interval_id, measure_data_id) values (34, 3, 2, 300, 350, 4, 2)
insert into measure_detail (id, vessel_id, measure_type_data_id, threshold1, threshold2, graphic_interval_id, measure_data_id) values (35, 3, 2, 300, 350, 5, 2)
insert into measure_detail (id, vessel_id, measure_type_data_id, threshold1, threshold2, graphic_interval_id, measure_data_id) values (36, 3, 2, 300, 350, 6, 2)
--Waves graphics for vessel 4
insert into measure_detail (id, vessel_id, measure_type_data_id, threshold1, threshold2, graphic_interval_id, measure_data_id) values (37, 4, 1, 60, 120, 1, 1)
insert into measure_detail (id, vessel_id, measure_type_data_id, threshold1, threshold2, graphic_interval_id, measure_data_id) values (38, 4, 1, 60, 120, 2, 1)
insert into measure_detail (id, vessel_id, measure_type_data_id, threshold1, threshold2, graphic_interval_id, measure_data_id) values (39, 4, 1, 200, 350, 3, 1)
insert into measure_detail (id, vessel_id, measure_type_data_id, threshold1, threshold2, graphic_interval_id, measure_data_id) values (40, 4, 1, 180, 200, 4, 1)
insert into measure_detail (id, vessel_id, measure_type_data_id, threshold1, threshold2, graphic_interval_id, measure_data_id) values (41, 4, 1, 180, 200, 5, 1)
insert into measure_detail (id, vessel_id, measure_type_data_id, threshold1, threshold2, graphic_interval_id, measure_data_id) values (42, 4, 1, 180, 200, 6, 1)
--Wind graphics for vessel 4
insert into measure_detail (id, vessel_id, measure_type_data_id, threshold1, threshold2, graphic_interval_id, measure_data_id) values (43, 4, 2, 300, 350, 1, 2)
insert into measure_detail (id, vessel_id, measure_type_data_id, threshold1, threshold2, graphic_interval_id, measure_data_id) values (44, 4, 2, 300, 350, 2, 2)
insert into measure_detail (id, vessel_id, measure_type_data_id, threshold1, threshold2, graphic_interval_id, measure_data_id) values (45, 4, 2, 500, 550, 3, 2)
insert into measure_detail (id, vessel_id, measure_type_data_id, threshold1, threshold2, graphic_interval_id, measure_data_id) values (46, 4, 2, 300, 350, 4, 2)
insert into measure_detail (id, vessel_id, measure_type_data_id, threshold1, threshold2, graphic_interval_id, measure_data_id) values (47, 4, 2, 300, 350, 5, 2)
insert into measure_detail (id, vessel_id, measure_type_data_id, threshold1, threshold2, graphic_interval_id, measure_data_id) values (48, 4, 2, 300, 350, 6, 2)







